the_geom,OBJECTID,Location,Borough,Street_Nam,From_Stree,To_Street,Iex,May07_AM,May07_PM,May07_MD,Sept07_AM,Sept07_PM,Sept07_MD,May08_AM,May08_PM,May08_MD,Sept08_AM,Sept08_PM,Sept08_MD,May09_AM,May09_PM,May09_MD,Sept09_AM,Sept09_PM,Sept09_MD,May10_AM,May10_PM,May10_MD,Sept10_AM,Sept10_PM,Sept10_MD,May11_AM,May11_PM,May11_MD,Sept11_AM,Sept11_PM,Sept11_MD,May12_AM,May12_PM,May12_MD,Sept12_AM,Sept12_PM,Sept12_MD,May13_AM,May13_PM,May13_MD,Sept13_AM,Sept13_PM,Sept13_MD,May14_AM,May14_PM,May14_MD,Sept14_AM,Sept14_PM,Sept14_MD,May15_AM,May15_PM,May15_MD,Sept15_AM,Sept15_PM,Sept15_MD,May16_AM,May16_PM,May16_MD,Sept16_AM,Sept16_PM,Sept16_MD,May17_AM,May17_PM,May17_MD,Sept17_AM,Sept17_PM,Sept17_MD,May18_AM,May18_PM,May18_MD,Sept18_AM,Sept18_PM,Sept18_MD,May19_AM,May19_PM,May19_MD,Oct20_AM,Oct20_PM,Oct20_MD,May21_AM,May21_PM,May21_MD,Oct21_AM,Oct21_PM,Oct21_MD,May22_AM,May22_pM,May22_MD,Oct22_AM,Oct22_PM,Oct22_MD,May23_AM,May23_pM,May23_MD,Oct23_AM,Oct23_PM,Oct23_MD
POINT (-73.90459140730678 40.87919896648575),1,1,Bronx,Broadway,West 231st Street,Naples Terrace,N,1189,4094,2508,734,2646,2939,802,4015,2631,1125,4310,3420,1001,3475,2832,991,4262,2469,1010,3609,3128,863,4119,2217,997,4440,2687,1328,3820,2428,1288,3328,3365,1268,4315,2276,1210,4710,3825,1206,4590,3008,1220,4384,2641,1450,4646,2996,1788,4980,3033,1204,4520,2999,1246,4531,2686,1309,3642,2830,1916,5893,2776,1111,4044,2731,1271,4502,2899,1708,4464,2967,,,,486,2843,1754,630,3262,1710,808,2807,2230,737,2343,1883,745,2637,2241,1897,5018,2496,935,3759,1745
POINT (-73.92188432870218 40.82662794123293),2,2,Bronx,East 161st Street,Gra Concourse,Sheridan Avenue,Y,1511,3184,1971,1855,3754,1183,1136,2638,1522,1939,3283,1383,1351,3111,1304,1227,3137,2762,2077,3283,1409,1007,3069,1477,1734,3333,1772,2051,3525,1752,1233,1875,1912,2113,4099,1970,2278,4215,2288,2071,3890,1832,2206,4363,2315,1949,4435,2388,2318,4589,2483,2005,4790,2512,2053,4721,2311,2109,5485,2548,1848,4920,2143,2389,5952,2832,1749,5148,2156,2006,4723,1604,1702,4347,1576,780,1892,1287,1405,2097,1410,2191,3786,1770,2242,4227,2168,2608,4277,1867,2384,4600,2064,2822,5050,1287
POINT (-73.89535781584335 40.86215460031517),3,3,Bronx,East Fordham Road,Valentine Avenue,Tiebout Avenue,Y,1832,12311,14391,1829,9215,15065,1061,8013,7927,2497,10010,8013,1689,8374,7472,2387,10655,6614,2285,10943,10424,2807,12658,7714,2289,15890,9167,2679,13548,8140,2125,7635,7022,2704,10486,7421,2710,12723,8872,2651,10613,8241,2699,12490,6339,2752,10408,8266,2382,11216,7574,2733,10586,9072,2540,11272,8422,2422,11145,9775,2557,12125,6499,2783,12388,7076,2209,9634,7066,2246,8931,6212,1625,11739,7468,972,6976,5058,942,5576,4402,1798,7296,4864,1501,5950,4987,1662,6572,4765,1654,6918,4696,1560,6880,2453
POINT (-73.87892467324478 40.8812869959873),4,4,Bronx,East Gun Hill Road,Bainbridge Avenue,Rochambeau Avenue,N,764,2673,1798,1360,1975,872,2102,3206,1989,3020,3915,1662,1536,2997,1672,2097,3135,1591,2954,3962,1717,1622,3006,1344,1661,2844,1510,1996,2836,1587,1906,2066,1261,2371,3500,1620,2052,3981,1979,2373,3660,1914,2096,3378,1333,2382,3425,1339,1757,3561,1714,2256,2923,1574,2066,2944,1752,2017,2771,1459,2125,3130,1123,2453,3429,1551,1648,2892,1323,1944,2682,1693,,,,953,2063,1185,946,1211,1161,1503,1978,689,1350,2082,1063,1448,2120,1032,1398,2280,1303,1404,2089,807
POINT (-73.88956389732787 40.844636776717685),5,5,Bronx,East Tremont Avenue,Prospect Avenue,Clinton Avenue,N,650,2538,2334,1078,2739,2343,553,2438,1652,756,3095,1374,684,2660,2604,912,3637,2339,1075,5823,4085,1012,5785,3758,1093,6119,4274,1049,5859,3934,627,1503,2371,959,3140,2273,1007,4175,2854,760,3488,2805,971,3586,2460,1019,3184,2366,1055,3710,2554,1063,3296,2466,993,3625,2492,1101,3336,2501,980,3700,2526,1082,3330,2479,1016,3781,2565,975,3761,2461,,,,357,1997,1719,444,2382,1384,714,2356,1502,669,1508,1606,774,2084,1611,730,2077,1578,786,2140,1115
POINT (-73.92087824799184 40.83015855511036),6,6,Bronx,Gra Concourse,East 164th Street,East 165th Street,Y,489,1235,835,873,1457,631,634,1554,856,771,1445,744,605,1271,539,599,1028,750,597,1426,669,634,1341,738,753,1394,891,802,1396,859,838,1372,1069,936,1743,1059,912,2059,1037,963,1726,973,858,2035,1042,972,1902,1097,839,2023,1059,999,1948,1161,767,1933,1010,982,1971,1165,740,1909,925,962,1872,1199,757,1933,956,1158,1986,686,694,1881,816,511,1459,689,500,878,586,919,1416,886,718,1121,806,684,1175,1146,551,1194,780,538,1035,537
POINT (-73.91635737290386 40.81688745834868),7,7,Bronx,Third Avenue,East 150th Street,East 151st Street,Y,703,8776,2865,858,6503,5501,636,6123,4461,1499,5803,4251,1696,7236,3540,1446,6730,7409,1624,6877,4565,1701,6922,4866,1773,7138,5866,1937,7050,4951,1367,6961,5551,1604,7500,5012,2097,8853,6599,1231,6701,4294,2161,9048,6717,1648,9057,6785,2165,9285,6721,1690,7894,6844,2059,9097,6688,1689,7885,6900,2027,9045,6683,1702,7883,6921,1817,9048,5956,1649,9087,4470,1136,6589,4967,778,4641,3020,567,2571,3433,1138,5781,3287,995,5361,3866,1260,5443,3324,1594,6292,4086,1352,5744,2439
POINT (-73.86767352599497 40.855588719719556),8,8,Bronx,White Plains Road,Pelham Parkway South,Lydig Avenue,Y,1025,4039,3991,1743,4667,3309,1638,4798,4858,1056,3194,2489,990,3490,3335,1461,5090,2526,1375,4834,3095,1568,4386,2217,1545,4402,2985,1689,3016,2360,1626,3415,3828,1591,5398,3851,1410,4232,3007,1479,4910,4056,1495,5166,2540,1769,4114,2893,1512,4333,3122,1537,4379,3092,1638,5900,2582,1377,4098,2730,1186,4673,3420,2023,5520,3166,1601,5059,3391,1493,4011,2566,1305,5007,3326,728,3556,2238,763,4344,2204,1108,3983,2891,1263,4291,2491,1003,3493,2441,1096,4096,2655,1092,3891,1589
POINT (-74.01119296689038 40.64426682358741),9,9,Brooklyn,5th Avenue,51st Street,52 Street,Y,856,5940,4354,900,5435,5081,886,7054,4806,1062,5072,5901,914,5730,4619,1364,5475,4740,982,5570,5371,946,5585,4577,1350,7743,6135,1445,8170,4999,1306,3662,4731,1419,4864,6325,1457,6509,6070,1658,6627,5690,1522,7718,6313,1721,7988,6391,1791,7802,6762,1655,7502,6082,1531,7296,6014,1642,8130,5763,1517,7384,5356,1563,4730,5563,1197,4909,4515,1210,4821,4401,652,1402,1125,,,,1677,9439,5579,1221,4455,4151,1167,4184,3781,948,3673,3978,3229,14631,10699,1096,4642,3791
POINT (-73.98067647018506 40.67609353714627),10,10,Brooklyn,5th Avenue,Union Street,President Street,Y,504,2207,2225,422,2167,1627,672,2707,966,487,1898,2321,469,2547,2259,774,2310,1690,582,2274,2808,661,3063,2141,631,2915,2852,591,2848,2307,666,1414,2620,723,3255,2468,688,2764,2554,794,2513,2591,800,3051,3080,955,2390,1962,900,2492,3081,922,2955,2681,941,2751,3131,951,2911,2248,812,2570,2298,905,2463,1679,743,2252,2286,736,2297,2196,849,6007,4865,539,1983,3144,536,2564,1429,713,2334,2118,646,2499,2503,592,2091,2416,657,2464,2456,604,2239,2389
POINT (-73.98134205800814 40.66717415129596),11,11,Brooklyn,7th Avenue,9th Street,8th Street,Y,2345,4089,2519,2167,3801,1917,3259,4733,2682,2646,3900,3110,2233,3986,2944,2718,4033,2212,2635,3881,3436,2888,5261,2611,2713,4018,3026,1944,3832,2311,2583,2641,3858,3050,4019,3058,2917,4540,3242,3241,4642,2709,3479,3914,3293,3009,3314,2215,2165,3920,2742,3553,4217,2050,3134,4792,2925,1838,4557,2520,3108,4288,3721,3494,4122,2450,3112,4227,2968,3567,3764,1605,2117,4767,2966,1128,2731,2452,1646,3313,1747,2606,3506,1935,2629,4522,1986,2959,3343,2065,2747,3618,2457,3031,3989,2204
POINT (-74.02728680504437 40.622138829200395),12,12,Brooklyn,86th Street,4th Avenue,5th Avenue,Y,983,4193,3886,1073,5202,3402,1119,5128,4606,1092,4946,4323,1049,4674,4406,1038,4032,2629,1012,4519,4063,1039,4462,3549,1211,5288,4464,1236,6226,4179,1118,3466,6416,1533,5237,4778,1406,5814,5289,1452,5233,5124,1534,5281,4049,1177,5615,3740,1473,6828,5036,1678,5514,4362,1456,4475,5356,1561,6338,5412,1611,6632,4163,1441,5004,3638,1507,5359,3652,1468,5708,3513,1149,5605,4176,741,3702,3152,720,3523,1547,1108,3376,2391,1084,3788,2375,1157,3869,2970,1744,4841,2351,1101,3673,2164
POINT (-73.98983165443038 40.68884781602201),13,13,Brooklyn,Atlantic Avenue,Boerum Place,Smith Street,N,357,889,836,356,1063,831,473,1335,742,411,1147,984,363,1216,865,228,902,766,387,1701,1189,399,1385,967,366,1273,1284,376,1175,1366,397,756,1374,499,1182,1469,442,1637,1402,506,1561,1309,440,1605,1816,518,1497,1340,462,1528,1272,498,1807,962,583,1916,1914,561,1706,1385,553,2253,2134,603,2018,1935,581,2219,2137,598,2133,1466,,,,395,1516,2084,456,1626,1093,544,1888,1600,437,1823,1640,475,1734,2134,502,2301,1610,578,1930,1985
POINT (-73.95802234844946 40.717557377707735),14,14,Brooklyn,Bedford Avenue,North 7th Street,North 6th Street,Y,1852,4462,3432,1875,3619,3254,1823,4299,3526,1951,4778,4048,1544,5501,4110,2001,5136,4045,2179,5234,4727,1773,5090,4184,2434,6391,5872,2109,5692,3690,2817,4144,5649,1984,6429,5619,2300,6527,6351,2593,6261,5405,2585,6453,4951,3463,7600,5494,2765,7266,4585,2714,6300,4630,2621,6058,5038,3410,8301,5014,2930,8736,6209,2566,6127,3572,2938,7961,4897,3234,7524,7034,3120,8882,5323,1224,4210,4297,1708,4472,3315,2471,5750,4804,2657,7338,5603,3033,7532,4772,2712,7657,4914,3187,8120,4335
POINT (-73.96276340616195 40.57732714149917),15,15,Brooklyn,Brighton Beach Avenue,Brighton 4th Street,Brighton 5th Street,Y,1204,5968,5178,1215,6095,5230,2002,7419,7729,1828,6420,5920,1411,6106,5935,1537,5590,6140,1332,5744,4994,1489,6080,5098,1427,5859,4093,1608,5520,5463,1183,3189,4868,1447,5272,5747,1515,5960,5442,1424,6068,5397,1596,6037,4804,1752,6397,4453,1368,6314,4918,1687,5859,5431,1471,5257,5266,1531,5930,5092,1791,6544,4502,1575,5315,4827,1566,6064,4686,1048,5788,4451,1262,5598,4989,716,4504,3670,967,4644,2524,1093,4087,3572,1128,4587,3462,1189,4972,4357,1332,5410,4155,1390,4935,4031
POINT (-73.94908133692475 40.650831467717424),16,16,Brooklyn,Church Avenue,Nostra Avenue,East 31st Street,Y,2105,4562,1703,2267,4737,2517,1681,3702,2147,2290,3962,2015,2086,4620,1971,2045,4470,1885,2040,4764,2533,2265,4908,2894,2309,4858,2628,2151,4220,1927,1268,1113,3157,1966,4452,2540,2557,4871,3267,3074,6095,3235,2453,5196,2016,2792,4516,2768,1925,4137,2528,1680,4884,2375,2084,3832,2282,2024,4229,2040,2441,3888,2533,2213,3864,2368,2102,4744,2435,1958,4422,2258,1710,4259,2404,,,,964,2442,1735,1293,3135,1987,1359,3139,1838,1316,3278,1827,1368,3342,2312,1993,4623,1393
POINT (-73.96573732115321 40.64062739307868),17,17,Brooklyn,Cortelyou Road,Argyle Road,Rugby Road,N,1708,2459,1233,1324,2495,1431,1756,1952,1317,2014,2704,1961,1762,2478,1553,1856,2345,1533,2110,2977,1731,2587,2997,1809,2195,3492,1883,2489,3097,1823,2120,2381,1854,2295,3066,1755,2060,2936,1938,1743,2692,1543,1828,3007,1694,1876,2878,1486,1880,3042,1544,1608,2762,2439,2074,2634,1939,2570,2747,3234,2052,3015,1712,2598,3427,2107,2056,2855,2190,2200,2625,1512,,,,772,2072,2469,1299,1798,1252,2128,2336,1243,1647,2731,1629,2001,2751,1450,1711,2818,1386,1922,2740,2232
POINT (-73.99249336775775 40.68942537824676),18,18,Brooklyn,Court Street,Atlantic Avenue,Pacific Street,Y,1910,3716,3013,1920,3508,2293,1590,3486,2319,1763,3553,2540,1727,4225,2863,1223,2992,2640,1573,4214,2662,1659,4621,3028,2320,4597,3887,2096,3915,4100,1740,2405,3274,1932,4402,3863,1687,5174,3605,1952,5266,3787,1844,4426,4856,2126,4943,4048,1761,4714,7496,1987,5846,3163,2003,5309,4003,2308,4503,3170,2347,5287,4713,2341,5129,3671,2070,4247,3937,1925,3822,3236,1901,6108,4510,1017,2672,2464,1284,3320,2448,1819,4359,3642,1623,4256,3231,1694,3801,3771,2071,5554,2948,2047,4243,3748
POINT (-73.96818725047231 40.67292523719001),19,19,Brooklyn,Eastern Parkway,Plaza Street East,Uerhill Avenue,Y,739,1572,2534,543,1152,1027,643,1367,2999,785,1274,1759,629,880,2408,755,1496,3102,577,1647,2951,812,1695,2738,412,1792,4699,525,1094,2670,571,1133,2024,1228,1623,1842,970,2269,4276,752,2010,3458,687,2127,3828,1026,1931,2565,824,1884,2511,995,2042,3333,1037,2601,2078,1161,2381,3082,1217,2749,2205,1424,2276,2670,971,1750,4437,1009,2062,3147,980,2047,3111,585,1734,2283,992,2330,2385,986,2816,3333,1005,2667,2655,0,1912,3730,1125,2509,3188,611,1188,1690
POINT (-73.9214952312361 40.6089208214552),20,20,Brooklyn,Flatbush Avenue,Avenue U,Avenue V,N,329,1770,1355,276,1414,1036,254,1401,1473,286,2034,1238,251,1243,1251,436,1573,1398,424,1731,1563,214,1155,989,269,1083,1283,184,1079,870,197,1071,1765,347,1554,1757,312,1827,2077,307,1219,2014,325,1618,1919,273,1622,1500,453,1661,1523,317,1420,1254,238,816,1449,372,2698,1487,386,1792,1387,236,999,939,274,1505,1306,320,1361,1159,,,,165,1367,1252,256,1431,1079,302,1564,1160,358,1628,1337,273,1975,1447,283,1401,1271,185,675,812
POINT (-73.95882184227794 40.65081053674954),21,21,Brooklyn,Flatbush Avenue,Martense Street,Church Avenue,Y,978,5240,5106,917,4188,3097,772,3181,2023,1101,5312,2351,795,5640,1985,1029,4897,3047,1311,4775,2678,1186,4813,4735,837,3982,2197,978,4959,3917,605,482,1855,1011,4044,3530,1068,4481,3463,1046,4091,3695,912,4854,2505,960,3974,2338,858,3832,3665,1001,4588,3058,1280,3936,3960,1037,4115,2642,903,3955,3370,1032,4343,2716,1169,4352,3516,896,3665,3299,1216,5613,4416,479,2576,2102,626,2617,2052,847,2680,2222,703,2789,2446,820,2927,2313,931,3131,2524,896,2805,1555
POINT (-73.97390965382397 40.679186993134785),22,22,Brooklyn,Flatbush Avenue,St. Marks Avenue,Prospect Place,N,497,1413,1478,547,1095,1191,477,1675,1211,582,1645,1204,544,1499,1378,539,1568,1223,584,1462,1787,529,1616,1168,566,1794,1568,513,1909,1336,1435,1672,2007,645,1723,1727,527,2083,2233,759,2257,1631,631,1795,1920,729,1660,1583,699,2090,1699,685,2542,1486,714,2244,1524,808,2407,1461,895,2459,1794,882,2678,1380,839,2224,2618,697,2098,2091,,,,498,1714,1678,527,1886,1236,684,1872,1626,621,1942,1567,693,2166,1729,695,2157,1693,703,2095,1594
POINT (-73.98588670734839 40.69087186438648),23,23,Brooklyn,Fulton Street,Lawrence Street,Bridge Street,Y,1478,12249,7411,1803,14617,8643,1789,15733,5051,1673,9081,6790,1548,11949,6307,1330,11540,7892,1209,9358,7390,1271,10239,6091,1507,9556,6993,1507,8732,5690,1431,4254,3267,1791,9605,6033,1858,11211,6932,1981,11392,6045,1865,10265,6022,2014,11906,5999,2006,11648,7232,1671,10164,5037,2045,10872,6656,2289,10775,6572,1785,9793,6073,2003,11406,6445,1927,8871,6617,1935,9704,5455,1952,11619,6514,875,5336,3863,956,4438,4426,1424,6394,5088,1200,7338,4868,1415,7814,4465,1342,7154,4246,1830,8354,3416
POINT (-73.94255463338305 40.703408264633794),24,24,Brooklyn,Graham Avenue,Moore Street,Varet Street,Y,864,3732,2863,854,3322,3785,740,3066,2552,793,2814,3020,1025,4689,3161,734,3071,2370,867,2880,2940,885,2710,2807,882,4629,2751,1031,4959,1953,886,2172,607,995,4250,4025,818,4435,4035,905,3921,3626,995,4051,4952,944,4006,3491,742,3493,3812,477,2506,2305,742,3431,3438,855,2526,2459,845,3061,3576,1004,4347,1833,724,3197,3287,788,2669,3261,518,3124,3233,386,2440,2398,407,2335,2102,614,2333,2315,500,2373,2238,446,1911,2085,472,2234,1969,500,2159,1405
POINT (-73.9446668043415 40.71156922033028),25,25,Brooklyn,Gra Street,Manhattan Avenue,Graham Avenue,N,401,1772,1305,918,3090,1893,359,1063,729,488,1106,1392,316,980,817,365,1468,1303,495,1563,1326,593,1446,1304,316,1433,1228,554,2174,1199,465,829,1352,411,1249,1117,479,1596,1655,526,1571,1280,632,1857,1680,573,1537,1363,487,1446,1233,725,2294,1193,665,2094,1235,746,2573,1146,790,2787,965,606,2013,1029,357,1373,1310,433,1086,1301,,,,192,924,823,336,1321,927,494,1377,899,392,1320,907,372,1130,1005,419,1371,865,666,1616,782
POINT (-73.98727479290567 40.69272414021879),26,26,Brooklyn,Jay Street,Willoughby Street,Metrotech Walk,Y,1946,3552,3066,3280,6321,1478,2636,5102,1024,2770,4956,1435,2519,5538,1383,2856,3665,962,3201,8284,2572,2384,3781,1496,2259,3458,1530,3240,4962,1756,2850,3362,2432,4210,7426,2605,3758,6695,2367,3960,6873,1852,2846,5959,2379,2439,4358,1863,4151,6908,2361,2212,4245,895,2556,4267,1582,3598,5068,2635,3166,6533,2455,4338,7010,2353,2994,5323,2562,3887,5466,2025,3212,5886,1765,1028,1808,860,,,,,,,,,,,,,,,,,,
POINT (-73.95959352755617 40.608201460936),27,27,Brooklyn,Kings Highway,East 13th Street,East 14th Street,N,1368,4727,2866,887,3524,2125,1382,4287,2699,1541,5990,3059,1156,5009,3390,1766,5651,3174,1507,5041,2966,1479,5117,2562,1980,5447,2886,2126,5995,3610,1476,3426,1996,1744,5673,2766,1552,5581,2585,2397,6054,3471,1512,4987,2657,1636,5081,2890,1653,4708,2592,1417,4755,2543,1718,4984,2680,1707,4512,2387,1908,5716,2655,1903,5017,2548,1981,5591,2649,2230,5364,2967,,,,,,,1266,3716,2007,1503,3436,2112,1589,4350,2174,1589,4749,2600,1782,4974,2248,1810,5164,2681
POINT (-73.99336426671383 40.694534861508515),28,28,Brooklyn,Montague Street,Henry Street,Clinton Street,Y,1476,4567,2914,1438,4231,2842,1363,4318,2863,1547,3762,3672,1202,4089,3078,1249,3849,2520,1393,3896,3660,1365,5372,2802,1374,5441,3659,1595,4564,3754,1496,2920,3453,1482,4532,4419,1251,4861,3189,1247,3998,2795,1389,4766,2946,1235,3737,2920,1404,4932,3042,1501,4284,2182,1283,4017,3510,1577,3695,2156,1541,3588,3232,1519,4121,3219,1572,3732,3240,1563,3838,2738,1508,4199,3330,800,2190,1901,987,2228,1916,1103,2685,2085,1155,2488,2471,846,2705,2548,1020,2705,1803,1520,3266,2511
POINT (-73.96931991427776 40.693114646759874),29,29,Brooklyn,Myrtle Avenue,Vaerbilt Avenue,Clinton Avenue,N,,,,1129,1818,1182,735,1131,856,,,,622,1689,1135,609,1272,1122,660,1565,1237,955,1315,1366,1055,2432,1329,1073,2129,1228,601,1363,1764,1040,2223,1705,1182,2214,1843,1380,2585,1717,1090,3713,1457,812,1561,2025,1271,2267,1456,1453,2657,1568,1099,2481,1694,1419,2089,1621,1034,1719,2095,1495,2636,1860,1392,2237,2052,1249,2296,1724,,,,540,1775,1466,649,1544,1356,1033,1997,1527,996,1853,1625,830,1688,1484,944,2014,1120,962,2178,1202
POINT (-73.9939968076081 40.70274648278772),30,30,Brooklyn,Old Fulton Street,Elizabeth Place,Everit Place,N,141,600,875,397,783,658,98,758,807,133,923,1128,103,248,1178,67,332,1349,116,996,1644,157,1382,1846,143,1185,1588,178,984,1604,222,990,1773,173,1260,2572,210,3134,2325,253,1620,2438,208,1835,2578,183,2174,2185,326,2888,4052,269,3126,3388,285,3323,3518,201,1481,3179,244,2523,2985,309,2665,2932,278,1891,3710,350,2745,2797,,,,244,1472,1116,188,765,1883,383,2086,1988,357,2490,3455,255,1284,3441,307,2690,2693,362,1849,2473
POINT (-73.91307856842978 40.66933456193011),31,31,Brooklyn,Pitkin Avenue,Bristol Street,Hopkinson Avenue,Y,572,3355,2720,686,3312,3131,546,3372,3254,658,2555,2584,601,3753,1628,664,3174,2270,669,4368,3276,980,2255,2530,666,3112,2657,518,1647,1230,627,2010,2518,840,3388,2534,744,3365,2631,1791,3873,2863,672,2262,1622,757,2441,1922,938,2343,2222,701,2147,2251,636,2763,2358,844,2852,3258,562,2708,2244,807,2445,2582,584,2856,2020,594,2537,2240,485,3071,2744,292,2329,1805,230,2030,1765,573,2190,2281,528,2312,2085,454,1588,1714,606,2316,2438,623,1986,1053
POINT (-73.95475091689498 40.58754340485192),32,32,Brooklyn,Sheepshead Bay Road,East 14th Street,East 15th Street,Y,1580,2215,1785,1205,2953,1848,1579,3289,1781,1546,3624,2003,1582,3094,1967,1676,3513,1448,1614,3663,1784,1654,2423,1327,1554,3453,1893,1932,3776,1395,1881,2229,1706,1729,3396,1825,1541,2855,1271,1618,3041,1557,1418,2627,1366,1543,2706,1381,1576,3211,1220,1625,2555,1497,1845,2841,1365,1927,2664,1240,1849,2820,1374,1758,2840,1248,1730,2904,1449,1724,2663,938,1514,2644,1430,691,1952,1103,770,1791,953,1071,2210,998,1168,2544,1280,1270,2461,1365,1208,2563,1175,1261,2528,1209
POINT (-74.01511472616954 40.67546559688342),33,33,Brooklyn,VanBrunt Street,Beard Street,Vaike Street,N,90,232,170,112,317,235,138,380,220,138,490,269,112,186,105,100,204,251,92,91,264,151,304,267,90,251,380,123,246,425,110,516,183,112,303,493,101,290,300,123,309,469,68,260,350,85,336,351,111,295,468,83,324,348,110,244,401,130,257,401,117,262,606,98,295,394,123,414,465,80,354,434,,,,119,384,385,200,394,453,140,422,356,159,426,415,127,398,468,122,432,576,94,348,369
POINT (-73.98960330219742 40.70286152715002),34,34,Brooklyn,Washington Street,Front Street,Water Street,N,546,1387,851,556,1550,826,544,1476,1390,549,1976,833,1181,995,1264,977,1188,1170,525,1892,1576,466,2048,809,558,2508,1232,732,1972,1469,604,1557,1002,257,1371,1406,742,3009,1408,849,2156,1547,737,3362,1691,780,3184,1349,487,1799,1588,750,3243,1877,930,3784,2763,838,2929,2517,874,3978,2340,986,3996,2905,1098,3574,3408,1137,4018,2936,,,,322,938,1471,481,1170,2195,632,2631,2440,875,3784,4173,1052,4281,6327,936,3668,3832,837,1713,3943
POINT (-74.01155687409947 40.704636651873756),35,35,Manhattan,Broad Street,Beaver Street,South William Street,Y,3469,3992,599,4214,12879,8077,4231,7042,1157,3906,7307,1171,4745,5954,1112,2421,6724,1030,3696,5944,737,4013,6014,922,3879,6839,853,4254,5989,1681,4495,4437,1175,4302,6257,1341,2865,4874,1273,3758,5843,1466,3666,5845,1149,3383,5154,954,4177,6445,993,4622,7161,1411,4632,7093,1580,4041,5893,1880,3522,6747,1715,4924,8303,2036,4374,6603,1756,4131,6471,2010,4100,7302,1669,707,1248,570,1158,2577,1168,1736,2711,1279,2143,4002,1470,2134,3643,1531,2359,4491,1531,2107,4095,1542
POINT (-74.01286204592034 40.70634164448271),36,36,Manhattan,Broadway,Morris Street,Exchange Place,Y,3660,8390,2361,4507,15554,12748,3110,7880,4098,4483,11912,3528,3085,7169,5281,5206,12034,6513,4896,11032,3907,4644,10890,6569,4357,9628,4097,3838,10699,6962,5462,9308,5350,5021,12183,6297,4964,12371,6990,5121,11809,7564,5744,12666,7947,5732,16251,4691,5416,14507,8321,3935,13111,7254,5079,11126,7116,3791,10156,7720,6274,14040,9265,7798,12650,8126,5221,19725,6818,4437,10726,9615,5049,11765,7029,398,1903,1337,1647,5041,3395,1901,4671,3884,2804,7018,5383,2432,4977,4877,3241,8955,5214,2938,7604,6482
POINT (-73.98219706247882 40.771813403011905),37,37,Manhattan,Broadway,West 63rd Street,West 64th Street,Y,1611,6764,4592,1805,5674,4111,1293,6024,5804,2616,8454,5178,1620,2654,5207,2718,6600,4236,1988,8750,5390,2447,9057,6147,1999,8878,5799,1687,7388,4793,2086,4690,8376,1881,8696,6809,1986,9375,6034,2577,9566,7064,1775,7707,5919,2686,7916,4462,1870,8996,7676,3950,11244,7146,2789,8673,5003,2338,8574,5944,1962,6832,5446,2091,9305,4663,2059,6194,6037,2122,7773,5259,1696,6864,4907,280,694,3555,1233,4932,3445,1899,5745,4966,1977,6730,4752,2096,7096,5391,1608,5271,4154,1693,5210,3909
POINT (-74.01009312926121 40.71590455900424),38,38,Manhattan,Chambers Street,West Broadway,Greenwich Street,Y,7081,8512,2061,7192,8513,5204,6556,10440,2145,5333,5097,2675,7466,10866,1696,8091,8273,1612,6318,9575,6305,8909,11065,2983,6905,11192,2677,14456,11407,4674,5765,4266,2939,8185,10981,4144,7735,9680,4100,8232,9661,3627,8140,10248,1580,8806,10478,1538,8324,9689,2422,8183,9256,1696,6923,9546,2994,7639,8514,5458,6923,9546,2994,8401,9937,3302,8323,8960,3630,8834,10456,3493,3075,6598,2934,832,1302,1099,1316,2643,1215,4604,4163,1984,4615,4799,1538,5268,5645,2366,2299,3760,1259,5265,6100,1913
POINT (-73.97713579908014 40.779680827631374),39,39,Manhattan,Columbus Avenue,West 75th Street,West 76th Street,N,1071,3037,3500,1189,2748,2523,895,2385,3910,1172,3306,3171,1041,1761,3084,2248,4408,2629,1507,3464,3633,1632,3907,3407,1520,4024,4157,1497,3598,2442,1603,2283,3703,1601,3898,4216,1676,4358,4968,1646,3998,4070,1451,4420,4246,1633,3272,3271,1218,4604,6597,2387,8626,3766,1892,4594,4162,1852,3277,4522,1558,3627,2690,1592,3626,2977,1524,3905,3780,1756,3794,2451,,,,706,1319,2407,867,3049,1873,1380,3121,2846,1300,3205,2756,1412,3425,3114,1394,3836,2868,1292,3500,3817
POINT (-73.98936305063111 40.71898935935359),40,40,Manhattan,Delancey Street,Orchard Street,Ludlow Street,Y,1085,2733,2529,1433,4104,2701,1015,2947,2718,958,2218,1635,869,1680,1378,1664,4708,2233,940,2702,2093,1396,2912,1861,1036,2741,2119,969,2606,1592,1451,2495,2514,1616,4262,3385,1472,4415,3776,1594,4278,2951,1558,4792,2809,1636,4480,2626,1357,4543,3367,1557,4809,1973,1746,5086,3197,1847,4847,3032,1647,4534,3295,1634,3238,2420,1851,4772,3249,1629,4010,3034,1704,4692,3351,318,832,1499,775,2652,2390,1269,3643,2764,1151,3285,2617,1220,3975,3264,1077,4128,2868,1063,3982,2939
POINT (-73.99265748471083 40.73559926423828),41,41,Manhattan,East 14th Street,Fifth Avenue,University Place,Y,2265,13723,4761,2084,13965,5004,3000,11119,10041,2682,14451,7391,2946,17128,7151,3135,15654,7300,2480,13830,6559,2952,14895,6008,2726,18830,9130,2803,16102,7005,2607,8641,8997,2730,13560,8102,3034,17519,8918,2930,14597,7377,3029,12888,8876,3248,14486,6765,3462,13830,9616,3868,15862,6103,3017,14947,7465,3979,16487,6253,3303,18021,10204,4251,19584,5078,2601,14123,6924,2973,11932,6408,1704,4692,7036,1045,4787,4543,1443,7443,3474,2181,8440,5148,2241,8784,4765,2435,10237,5805,6470,13227,8181,2134,8750,5473
POINT (-73.97665547944715 40.75169473512389),42,42,Manhattan,East 42 Street,Park Avenue,Lexington Avenue,Y,7485,15513,6239,6664,16133,4885,6149,15315,4689,5437,13819,6455,8306,21051,6303,7433,20672,5006,7210,17256,5715,9320,16289,5193,7149,16756,6308,8729,16342,5287,8083,12937,6480,7362,16933,6857,7478,18085,6703,7700,17327,7617,8461,17127,5692,7278,18044,4682,8428,16039,6560,8690,17425,5608,13311,28056,9351,8253,16376,6400,9241,20258,6428,8551,16529,6279,8452,19998,5873,9358,23025,8808,9414,16061,5619,2522,4555,2127,3917,7663,2919,3643,7261,3545,7206,13406,5809,6076,11461,5696,6470,13227,6563,6005,12215,6099
POINT (-73.99441204702927 40.731436017707075),43,43,Manhattan,East 8th Street,University Place,Greene Street,N,944,5422,2254,952,5782,2736,1052,6359,3097,975,5623,2947,884,4929,2506,1064,5810,2736,1035,5137,2588,1291,5350,2367,926,5171,2968,980,5290,2417,1134,2830,2846,1084,6025,2600,1111,5771,2830,1087,5550,3066,824,3902,2237,1200,5118,2335,1113,3873,2756,1183,5024,2220,1267,5138,2661,1457,6299,2276,1352,4866,2682,1212,5016,1690,905,5073,2276,1232,5929,3014,,,,468,1201,2943,769,2756,1676,1176,3763,2727,1018,3010,2505,1267,4576,3258,6470,17928,9492,1091,4217,2970
POINT (-73.98861503057542 40.75884828352131),44,44,Manhattan,Eighth Avenue,West 44th Street,West 45th Street,N,2735,8412,12143,8533,23290,16629,10246,33290,13498,5753,13671,9753,8366,16730,5749,7495,14628,4423,5196,16136,8685,3841,10130,7476,6058,20010,7261,5684,13805,8406,5608,13250,9213,6265,18303,9065,6561,19195,9577,6729,18822,9879,7027,17164,7998,7906,21946,10243,8133,22625,8990,7222,19064,6468,7800,28019,10030,7160,21141,8346,8389,25824,9745,7802,23979,12536,9734,28309,11806,7816,24112,9241,,,,1018,2084,1596,2294,6402,2966,3591,10884,11739,5111,19400,15618,5960,18219,10327,3507,14612,9182,5570,15906,11039
POINT (-73.97514418621735 40.7613536109118),45,45,Manhattan,Fifth Avenue,East 54th Street,East 55th Street,Y,3081,16471,13891,3432,23840,11707,3974,25732,18273,4089,20929,16307,3385,20508,10507,8483,22495,11485,4013,18701,12727,3771,24601,12752,3285,26106,12370,3968,18993,15946,3189,14533,13555,3472,22800,14405,3858,20485,15398,3951,20202,14353,3616,20639,16089,3980,20528,15513,4113,26831,12417,3637,20999,11320,4443,22351,12712,4360,22274,12247,6445,23214,11394,2985,19551,11576,6266,23182,16299,3689,18048,16022,3892,16971,10229,1085,3180,2704,1669,8766,4615,1966,8098,6927,3139,12370,8790,3142,,10967,3488,13929,9182,3445,14804,12807
POINT (-73.99451531515767 40.71493552371377),46,46,Manhattan,Forsyth Street,Canal Street,Division Street,N,1373,7481,4703,1290,3506,3583,1190,4763,4504,1598,5879,5347,1269,5187,4981,2184,6998,3800,1353,5832,4961,2660,4606,3443,1150,5796,3298,1217,5186,2888,1153,3570,4359,1537,5951,4342,1586,4688,3965,1671,4954,3869,1552,5110,3810,1517,5461,3043,1297,6222,3029,1451,5129,2811,1258,4788,3174,1334,4059,2994,1391,6610,4469,1336,3305,2866,1509,6451,4437,1378,5535,3962,,,,551,1578,1929,684,2523,2255,844,2607,1880,1011,2462,2152,1013,2465,2741,971,2889,1354,976,2631,3072
POINT (-74.0084036486757 40.710553767460766),47,47,Manhattan,Fulton Street,Broadway,Nassau Street,Y,4530,9162,2495,3446,5498,1835,4614,9415,3553,5041,9322,2043,5539,8901,2464,2544,6708,2847,3922,7398,2319,4280,8945,4578,3881,7535,3855,4137,10248,4274,4192,6091,3172,4635,9180,3327,4543,8727,3473,4216,7922,3202,3425,7732,2698,3457,7212,1856,3595,8002,2259,4127,7037,2706,3460,8459,3542,4039,6740,3425,4637,9223,4792,3625,6414,3704,3191,6681,4242,3566,7838,4297,3712,7632,3569,1284,3050,2051,1869,5016,2536,2159,4357,2634,3055,6634,3443,2416,3954,4131,3959,7477,4127,3665,9336,4176
POINT (-74.00451806937401 40.70806272095774),48,48,Manhattan,Fulton Street,Cliff Street,Pearl Street,N,2593,6755,3167,1902,5113,2637,2112,8540,4686,2596,7309,2888,3544,7324,2992,2098,5479,2685,1982,6308,2593,2647,7119,2502,2633,8206,5151,2091,5561,3650,2611,4285,3775,2760,7767,3652,2887,7392,4899,2732,5578,3251,2466,5850,2506,2963,7062,2510,2584,5436,3590,3251,5359,3257,3207,9604,3429,2894,7597,3555,1977,4998,4729,2846,7266,2938,2610,6366,2705,2940,6723,4325,,,,733,1631,,1041,4049,2207,1430,3427,2018,1705,4818,2502,1747,4847,3254,1920,5423,3553,1526,3224,1494
POINT (-73.96888735867235 40.761264607952285),49,49,Manhattan,Lexington Avenue,East 57th Street,East 58th Street,Y,4502,21634,5687,4251,11296,5302,4034,20893,6619,4231,11009,5962,4122,8661,5705,3272,10679,4786,4123,11641,4676,5082,11880,4208,3742,12143,5814,3908,11014,4528,4678,8412,4332,4587,12345,4900,4138,12682,5924,4566,11639,5661,3800,14129,5956,4298,11716,5628,3205,8111,5894,5870,18125,3484,4931,12301,4583,4625,12007,4892,4489,12400,3894,4656,10732,4176,4218,9699,4155,3887,10451,3828,4483,10685,3991,1490,3093,2031,2293,5427,1853,3158,6341,2980,3350,7242,3203,3352,7207,3646,3083,6930,3330,3298,7618,3511
POINT (-73.96568512678532 40.77144062263457),50,50,Manhattan,Madison Avenue,East 71st Street,East 72 Street,N,667,3760,3090,680,3204,2495,571,4254,3073,1014,2687,4099,677,1726,2088,635,3250,1817,706,2918,2830,832,3114,2340,712,3602,2895,611,2998,2159,837,2238,2492,966,3899,3283,729,3183,3102,858,3034,2455,722,3912,2633,739,2983,1630,760,3247,760,2235,7220,2690,718,2988,2480,2142,6911,2160,624,2681,2185,786,2495,1711,770,3779,1863,837,3191,1510,,,,530,1451,1326,591,2316,1408,0,0,0,742,2692,2057,792,2281,2846,735,2907,1252,740,2183,3619
POINT (-73.99134284997088 40.749996387066574),51,51,Manhattan,Seventh Avenue,West 32 Street,West 33rd Street,Y,10084,25156,9261,8803,23825,10476,7566,23312,11362,8407,24311,11704,7356,29526,12533,13552,27632,11537,12189,22390,10615,8422,22613,10902,8954,23314,10625,11445,23015,12765,10782,18101,12342,13647,28208,10690,11898,26609,11146,12365,28392,11374,13677,26062,11781,12246,27744,10281,17191,35990,50827,9103,25197,10439,11410,31856,16847,11099,38885,13500,9740,24343,10861,9523,23193,10593,12171,29618,9733,14126,30194,13037,11623,24186,11541,2625,5217,,4887,9115,5752,5912,13607,0,6546,14615,6300,4877,13029,5869,5005,12508,6010,1356,2386,1139
POINT (-74.01257537541983 40.708351612740366),52,52,Manhattan,Trinity Place,Rector Street,Thames Street,N,4552,7164,2286,4982,14290,9826,4814,7983,2754,3362,5228,1688,2770,4090,2393,4886,5836,2634,2224,3889,1808,3107,4424,2570,2629,4933,2270,2701,4312,3636,2283,3602,2734,2821,4897,3033,2216,4530,3238,2512,4332,2627,2431,4504,3980,2346,5095,1738,3007,5964,3744,1527,5592,2104,2246,4073,2607,2344,4403,3024,2261,4475,1754,2306,4271,2993,1554,4381,1738,1818,4631,3062,,,,447,517,535,644,1373,912,926,1566,1319,987,2222,1780,1275,1740,1357,1271,2746,1168,5179,13394,6199
POINT (-74.01098647762808 40.70733537559067),53,53,Manhattan,Wall Street,New Street,Nassau Street,Y,3784,5560,2733,8065,14469,8295,6842,11264,4814,7476,15167,4035,6149,9608,4402,3506,12635,5695,6247,12186,3755,6885,14303,4636,6485,13176,5906,6219,13724,6742,6004,7844,6167,6733,11023,5284,5354,11111,5430,5405,10140,5763,6072,10741,5827,7981,11310,4959,5681,10717,5430,6547,9135,6261,6759,14575,5836,6445,11300,6516,5733,10277,5651,5792,10494,6854,4643,10661,4623,4560,9628,5572,5453,9823,5141,,,,2253,4265,2048,2939,5154,2849,3530,7325,4243,3644,6021,4247,3858,8388,3011,,,
POINT (-73.94703781905247 40.80842973710493),54,54,Manhattan,West 125th Street,Adam C. Powell Boulevard,Lenox Avenue,Y,1706,7519,3949,1638,7546,5084,1921,7831,5219,2152,7681,4484,1277,8561,3984,2398,7903,5492,2042,7855,7142,2388,8710,6443,2231,8165,6800,2582,8638,6698,1900,5255,5603,2126,8851,5540,2121,9253,5586,2476,9667,5256,2123,8114,5767,1985,7754,5434,2308,8328,5792,2070,8046,5588,2129,8010,5791,2077,8199,5483,2227,7957,5857,1979,8087,5486,2144,8074,5852,2266,7664,4762,1448,8740,5437,906,5290,4421,963,3669,3651,2715,8882,5037,1337,5751,3881,1266,5105,3920,1201,6217,2497,2647,8200,4284
POINT (-74.00384095197924 40.74030539282896),55,55,Manhattan,West 14th Street,Hudson Street,Eighth Avenue,Y,1540,5089,2960,1902,5474,2337,1520,6274,2701,1568,5664,2936,1360,6047,2485,2047,6649,3890,1458,6221,3057,2159,7055,3974,1800,8911,4963,1949,11166,3514,2106,4993,4335,2024,9462,5285,2078,9234,5257,2176,9180,4950,5272,11953,6519,2032,8263,4419,1935,8995,4635,2075,8066,4751,2150,8456,6081,2193,8523,4507,1769,8995,5170,2128,9186,3972,2252,9369,5848,1841,7133,5444,2168,8860,4932,724,1975,1888,1306,5804,4094,1507,4782,4795,1853,6716,5613,,,5276,2128,7705,4005,2357,7174,4070
POINT (-73.93434784508338 40.8495809444351),56,56,Manhattan,West 181st Street,St. Nicholas Avenue,Wadsworth Avenue,Y,1305,6516,3281,1685,5562,4725,1071,7420,4174,1238,7394,4432,1032,6680,4881,1212,8747,3926,1448,8364,4679,1212,7940,5056,1375,8257,4476,1198,8012,5040,1307,5254,5567,1245,6921,7461,1266,7442,5704,1321,7409,6194,1372,7225,4492,1399,7357,6125,1380,7230,4512,1428,7544,6184,1380,7476,4671,1422,7555,6295,1343,7407,1343,1386,7668,6307,1549,7984,4937,1520,8036,4903,1196,6010,4361,589,2443,3453,789,4105,2716,1079,4346,6786,1130,5131,3257,1183,4182,3620,1059,4811,2195,1044,4071,3708
POINT (-73.98934552114228 40.750454054864754),57,57,Manhattan,West 34th Street,Broadway,Seventh Avenue,Y,12000,28123,12528,10326,32673,14201,12391,32736,14646,11051,29019,16268,12690,21943,13971,11941,27764,12044,13421,30544,10055,10010,30103,9900,9969,31701,14182,11279,27249,11137,13645,18969,13790,13348,26865,13036,11672,28348,15594,12232,30743,13107,15806,29150,10806,13152,25591,12222,12297,26852,12297,10197,25687,11670,13835,33102,12029,9272,25365,15233,11874,25185,10944,14215,25734,17262,13511,30643,12904,14021,31953,13000,12694,28606,11452,3099,8568,5287,4199,15230,7422,5946,16622,8475,8508,20529,9122,8378,20440,9996,6837,19358,7136,6765,17587,8422
POINT (-73.98335689692979 40.75284360634036),58,58,Manhattan,West 40th Street,Avenue of the Americas,Fifth Avenue,Y,5454,11571,2639,5284,11208,2606,6019,10301,2175,6258,8616,2905,5064,10654,1664,6160,13985,2136,6479,11224,2868,7467,12457,2417,5540,11750,2943,6362,11933,1973,8340,8884,2616,7269,14127,3055,5930,12133,2321,6499,12234,3167,6020,12837,1693,7673,14418,2779,7085,13064,2413,6415,13370,2258,7257,20533,3407,6089,13479,2753,5923,11981,3672,7553,16774,3818,7334,16566,2921,7971,14682,3718,6275,13456,2734,1214,2049,1252,2136,3908,1660,2731,6873,2402,3830,9637,3431,3984,8986,2885,3653,9758,2877,4276,13693,4533
POINT (-73.98017962622333 40.75733848638993),59,59,Manhattan,West 47th Street,Avenue of the Americas,Fifth Avenue,N,3897,14939,2201,3043,14487,1475,4899,13996,1401,2953,9805,2389,3463,10636,2119,3647,10736,1862,3972,12733,1765,3941,8928,1736,5618,11433,2623,3348,9064,1763,3620,8316,2021,3450,10003,2170,4463,11828,2227,4002,12205,1978,4090,13502,2681,5009,12687,2559,4041,12351,2296,4128,11969,1973,5117,14037,2772,4758,13021,2720,3585,12022,2121,2696,12024,2551,3371,9199,1904,3324,10349,2330,,,,1169,,,1036,3123,833,0,0,0,2620,6342,2386,2021,5863,1876,3708,8899,1894,3246,9229,1493
POINT (-73.96829307507049 40.75519022033238),60,60,Manhattan,Seco Avenue,50th Street,51st Street,Y,2335,5371,2066,2259,5431,2047,2077,4957,1776,2002,3574,2202,1605,4840,1933,1669,4029,1493,2091,4311,2690,2162,4299,2031,1853,4564,2391,2008,4548,2181,2159,3654,2578,2527,5238,2767,2425,5912,2277,2415,5529,3284,2507,5358,2405,2660,4863,1616,2257,5259,1872,2534,6619,1894,2255,4484,2836,2521,5715,2751,2604,5938,2490,1850,4501,1904,2971,7314,2988,2532,5394,2708,2527,5494,2982,804,2228,2713,1520,4481,1720,1747,4237,3164,1905,4746,2753,1760,5035,2785,1812,4589,2202,1942,4753,2647
POINT (-73.97053303866996 40.756137585644176),61,61,Manhattan,Third Avenue,50th Street,51st Street,N,5504,8447,2827,6329,11003,2475,4733,10036,2296,5547,15473,2501,3804,9823,2537,5516,11033,2466,5302,9590,2648,2350,7303,2373,5849,11011,3397,6198,10387,2777,5073,6995,2766,5778,11225,2933,5793,11707,2738,6457,12336,3442,5237,7708,2825,4063,7625,2312,5825,11919,2274,5920,12416,2473,5016,10549,2962,4837,8838,2656,5965,12548,2926,5148,11761,2136,5999,11973,2592,6140,9956,3119,,,,1465,2576,1659,2642,6218,1411,2623,4716,2445,3496,6710,2340,3519,6646,2736,3477,7243,1972,3608,6631,2038
POINT (-73.97213382742112 40.75681083516387),62,62,Manhattan,Lexington Avenue,50th Street,51st Street,N,5730,10557,4805,5124,10010,2600,5659,12883,2968,6153,20071,3229,3614,7280,3131,4243,9235,2768,5812,12143,2781,4941,6260,2481,6003,12261,2708,4610,9722,3331,5610,7253,3075,6127,11630,3781,4876,9020,3524,6174,11573,3613,6038,13374,4716,7870,13083,3056,7312,13958,3041,5822,11681,2816,3851,10651,3776,4532,10213,2900,6508,12931,3247,5614,9926,2480,5786,13307,3289,5127,10525,2743,,,,860,1217,831,2040,2862,1550,2806,4888,1932,4223,7193,2060,3690,7378,2345,3397,7220,1871,5253,9234,2302
POINT (-73.97385284104773 40.75753624831214),63,63,Manhattan,Park Avenue,50th Street,51st Street,Y,6824,10653,2025,7868,12535,1137,5201,10800,1113,6059,18973,1460,4068,8087,1464,5358,10971,1560,5342,10497,1471,4100,10317,1538,5118,9773,1598,6862,9879,1985,5774,6601,1378,6951,13358,2125,6103,10628,1534,6458,11376,2239,6896,12018,1897,4229,8301,1001,7063,10745,1730,6279,11439,1405,4639,10165,1969,6021,9465,1811,7630,13654,1362,5576,10725,895,5166,9687,1209,5194,10011,1328,6202,10611,1111,835,1224,643,1587,2947,729,2855,4556,888,4136,7595,1064,4032,7409,1378,4116,7135,952,4331,8308,1278
POINT (-73.97536263666144 40.7581734308352),64,64,Manhattan,Madison Avenue,50th Street,51st Street,N,4204,9307,3297,3997,9188,2239,2407,5634,2144,3139,8742,1643,2498,7990,2281,4161,9773,4224,3589,9460,2104,2451,6184,2054,3694,8962,2678,3582,8710,4161,3903,6394,2539,3810,9559,2740,3806,9398,2004,4026,11649,2676,3943,8762,2568,3999,9766,1974,3422,10220,2685,4049,10719,1974,4156,9431,2556,3384,9498,2059,3733,10241,2080,4032,9340,1479,3510,9823,2362,4203,10063,2649,,,,793,1440,868,1381,3195,1050,1920,3983,1314,2967,5806,1884,3051,6359,2074,3578,7410,2895,4111,7845,2204
POINT (-73.97697246269053 40.75885135958745),65,65,Manhattan,Fifth Avenue,50th Street,51st Street,N,5565,18855,12954,4759,14718,11866,5685,28077,16851,5006,20879,14623,3770,25268,11494,5019,20562,11446,4360,28429,10440,3503,16915,13044,4424,24803,11311,5211,18865,13084,3886,16819,12325,4642,25523,16286,4375,20567,13542,5217,20548,11730,4757,22388,16189,3900,16284,10995,5111,23968,17081,3311,12523,10262,5069,23382,15398,6371,20399,14273,3869,17620,14224,5221,22146,15522,3426,15500,10479,5498,25452,13558,,,,750,2764,4004,1368,6021,6181,2170,10583,9139,3387,16673,12336,3400,9090,14168,3091,16049,15490,3173,15613,13164
POINT (-73.98019868261785 40.76021178450936),66,66,Manhattan,Sixth Avenue,50th Street,51st Street,N,8288,17222,7527,9097,20504,14386,8627,23153,7523,7647,23605,7729,4880,14500,5385,8591,25013,8340,7753,22076,7042,7565,23463,6787,7109,17964,6532,6353,16219,6910,5885,11446,4718,6755,18750,5962,7344,21852,9578,8653,20989,8928,6754,20361,8167,7757,18925,5550,8382,19830,7573,7899,22568,6896,8539,20057,8095,8451,20123,8578,9078,21417,7852,7749,17784,7483,8719,31236,5443,8352,19964,3591,,,,1150,1933,2279,2273,6380,2872,3473,8744,4826,5146,13784,9144,5356,12850,6196,5026,14461,4957,4903,15277,7390
POINT (-73.98303507483828 40.76140611887664),67,67,Manhattan,Seventh Avenue,50th Street,51st Street,N,4490,9683,9375,4952,13179,6120,6100,18254,7303,6446,20666,9077,4052,11765,5383,5238,21134,8703,4683,18116,5245,4730,18128,4951,3580,12448,4956,5207,11867,6135,4125,8700,6298,5521,15077,6800,5266,14066,6575,4947,12929,5974,4404,13341,8216,4307,13090,6401,4661,14752,7617,6388,13831,6692,5324,14088,6798,5972,14583,7043,6066,12107,5963,5100,13429,6408,5689,15258,5905,5643,15681,7179,,,,734,1620,,1033,3828,2431,2168,5802,4210,3722,11165,5535,3630,9524,5630,3577,10946,5923,3313,10249,6157
POINT (-73.98383919698608 40.76174395517827),68,68,Manhattan,Broadway,50th Street,51st Street,Y,3651,11214,9134,4158,12401,9352,2973,11426,7308,4316,14026,8443,3151,8475,6386,3934,11771,8480,3893,12065,5874,4222,13896,6784,3883,13185,5734,3680,11856,5699,3337,9640,7974,5221,13664,7514,3744,13639,9366,3841,13493,7740,3763,16899,7208,3693,9794,6292,3711,15263,7523,5050,13880,7486,4761,16986,7928,5458,15559,7641,4902,16330,6214,6000,17338,9274,2987,10248,7929,4564,14546,6917,3885,15193,7587,697,1823,1366,1284,4800,2585,2015,6078,4380,3065,12216,7095,2872,10477,6349,2223,9058,5037,3290,10533,7122
POINT (-73.98589867014988 40.76257065006476),69,69,Manhattan,Eighth Avenue,50th Street,51st Street,N,2817,7362,5118,3971,8561,5391,3752,10656,5858,4184,12792,7798,3054,9975,4793,3549,12643,4837,3513,10332,4192,3616,11171,4140,3465,11368,4276,3626,9549,5309,3403,7429,5619,3834,9893,5097,3858,12261,6363,4311,12194,6721,4178,15305,8567,3459,12050,5719,3675,12228,8666,4543,13075,4924,4446,16529,7359,4669,16089,6486,4816,16366,7899,4829,12806,4777,4365,12765,7613,4354,12501,7489,,,,1357,3366,2300,1959,5948,3084,2705,7814,5397,3460,10776,6970,3669,9959,6291,2980,9555,4487,3586,9607,6583
POINT (-73.99694382805035 40.7673124325193),70,70,Manhattan,Hudson River Greenway,50th Street,51st Street,N,190,382,310,129,342,363,90,103,186,194,234,216,27,192,64,190,269,436,280,453,201,273,313,469,307,563,487,233,141,1515,255,118,1948,363,494,832,291,760,2519,362,639,1043,211,528,985,507,593,1051,241,620,631,281,694,733,244,619,625,339,553,483,255,537,584,268,649,950,249,667,481,389,458,901,,,,226,266,542,412,192,644,442,762,754,515,865,704,318,314,934,460,960,151,419,550,1195
POINT (-73.79555468117455 40.70653426935826),71,71,Queens,165th Street,89th Avenue,Jamaica Avenue,N,824,3972,2800,717,4789,3429,710,4372,2787,882,3550,2237,804,4812,3254,727,5177,3428,757,2814,3621,970,7848,3875,979,6751,3698,992,5450,4133,750,2898,4713,828,5531,3311,895,5050,4363,979,4207,3073,763,4317,3923,848,4106,2048,721,3827,2517,987,4981,3101,965,3676,3653,1071,3859,3809,782,5360,3509,1165,4684,4333,455,3877,2641,661,2658,2232,,,,244,2105,2006,252,2692,2396,473,2477,2463,391,1874,2013,279,849,1666,315,879,829,423,1959,2410
POINT (-73.89225364571111 40.74891155301485),72,72,Queens,37th Avenue,73rd Street,74th Street,Y,1002,4106,3142,1159,4398,3500,1058,4594,3367,1592,5184,3561,1236,4575,2782,988,3551,2574,1113,4116,2710,1361,4279,3412,1406,5929,3648,1410,5977,2618,1244,3408,3457,918,4761,3605,1210,3556,3188,1349,5683,3742,1347,4926,2877,1720,5356,2660,1215,4757,2564,1193,5667,2780,1258,5240,2319,1332,4646,2305,1256,4618,2495,1378,4375,2787,1242,4233,2949,1341,4960,2985,681,4187,3023,532,3816,2519,613,4621,2525,1166,4994,3348,1119,4480,3022,955,3516,3207,934,4597,3313,1146,4224,3538
POINT (-73.88412639509386 40.74873155074409),73,73,Queens,82 Street,37th Avenue,Roosevelt Avenue,Y,1739,4753,3114,2933,8401,6054,2299,6851,2650,2130,3541,5198,2733,10839,6515,2545,7483,4969,2850,10144,7431,3949,14738,7602,2506,10249,5125,2649,9941,5022,2088,2972,5854,2642,8772,6132,2662,9288,6726,2674,8868,6825,2510,8668,4657,2888,8781,4539,2640,8479,5501,3047,8648,6037,2868,9190,5285,2905,8768,6429,2920,8534,6133,2776,8450,6170,2774,8927,4252,2739,8486,5238,2016,8641,5491,1211,5004,4168,1534,7625,3452,2272,7958,5792,1980,7276,4922,2201,6186,4959,2609,8960,5920,1770,6345,3572
POINT (-73.84534157919526 40.72036574481485),74,74,Queens,Austin Street,71st Ave,70th Road,Y,622,4356,2227,514,3127,2891,1585,4355,2433,705,4216,2469,729,4351,2420,728,4407,2891,657,4232,2388,799,4039,3631,657,3971,4326,768,4435,3200,940,2985,3954,834,4530,4376,995,5334,5522,1166,5008,4238,787,4128,3621,840,4566,3357,1037,5267,4120,669,3653,3956,871,5007,3938,902,3818,3199,787,5835,4623,866,4765,2387,700,4454,4273,830,4906,2908,770,5059,3635,439,3174,2269,722,4396,2219,955,3451,3204,898,4340,2785,807,3516,3424,781,4015,3428,1016,3660,3066
POINT (-73.77114917957029 40.76393342115405),75,75,Queens,Bell Boulevard,40th Avenue,41st Avenue,N,549,1578,968,597,1802,1209,469,1292,1282,513,1217,1160,481,1656,785,426,1506,855,553,1958,1095,650,1739,800,617,2106,1562,503,1836,1020,552,775,1241,576,1699,1265,496,1807,1226,497,1472,1575,754,1880,1874,815,2136,950,853,1644,1962,781,2092,1162,1002,2149,1973,879,2479,756,637,1484,1573,632,1788,1369,762,1558,1054,944,2607,1481,,,,237,1035,945,216,1231,1040,260,1227,1014,334,1635,1446,339,1254,1079,316,1673,1721,422,1568,1468
POINT (-73.89530306861195 40.70287665998953),76,76,Queens,Fresh Po Road,Cypress Hills Street,70th Avenue,N,467,954,649,541,965,565,413,980,414,530,1028,463,511,827,447,484,875,514,429,919,636,509,911,590,444,1007,644,286,755,747,455,197,1241,482,799,603,426,918,607,442,1008,555,349,787,380,535,805,531,302,1017,425,662,975,643,515,661,385,531,668,346,499,559,391,371,491,376,176,311,191,151,254,195,,,,234,829,563,273,824,385,422,680,517,375,798,619,370,657,599,342,786,508,388,788,491
POINT (-73.79247827489311 40.71091966309366),77,77,Queens,Hillside Avenue,169th Street,170th Street,Y,1693,3280,2006,1429,2988,2165,836,3442,1693,923,3784,1553,799,3564,1854,826,3811,2184,889,3747,2154,977,3997,1710,991,3977,2348,1069,3531,1453,902,1904,2388,1063,3427,1615,1211,2973,1509,930,3392,1943,1314,4635,1970,668,3240,1791,824,3709,1899,982,4146,1805,988,3577,1712,959,3719,1668,824,3545,2480,1131,1691,1146,1015,2556,2657,1221,2820,2032,936,2520,1537,417,2194,1415,519,2334,1271,728,2477,1249,761,2522,1296,872,2443,1466,1055,3187,1871,841,2591,1888
POINT (-73.93947115150922 40.74817129070962),78,78,Queens,Jackson Avenue,Queens Street,42 Road,N,354,425,108,411,408,62,380,509,112,348,382,69,451,360,79,242,424,288,294,319,238,326,406,213,401,463,159,403,482,157,669,463,222,631,535,198,647,632,300,694,960,296,668,897,284,660,600,129,338,614,234,520,1081,264,526,1056,742,723,1211,326,707,999,758,818,959,522,884,1374,940,1009,1685,1473,,,,502,1150,857,794,1326,1141,942,1991,1372,915,2296,1718,743,1526,1788,1045,2472,1834,1211,2465,1451
POINT (-73.80593752065842 40.701822380718454),79,79,Queens,Jamaica Avenue,148th Street,149th Street,N,813,3336,2133,639,3384,2246,621,3020,2458,735,2789,1896,747,3443,2598,698,3324,1861,651,2492,2498,821,1942,2261,789,2601,2769,602,3152,2373,708,2150,2175,723,2766,2423,751,3245,2297,817,2821,2063,782,2766,2096,530,2948,1807,896,3321,2400,769,2291,2036,896,3171,2131,996,3328,1687,825,3599,1562,1625,3046,2379,887,3589,2486,900,2516,2302,,,,549,2132,1880,577,1612,1329,797,2527,1868,638,2332,687,613,2154,1613,644,2498,1879,890,2888,2172
POINT (-73.79726496612192 40.70450555044365),80,80,Queens,Jamaica Avenue,162 Street,Guy R. Brewer Boulevard,Y,1390,11407,5326,1636,12671,5988,949,8011,7008,1259,9860,4666,1286,9724,4969,1149,10148,5407,1149,7372,8770,1350,7149,6271,1495,11961,7961,1363,13426,9834,1566,7315,8328,1414,9346,7293,1521,8935,5882,1430,7896,7105,1359,10063,7273,1465,10097,7681,1215,6715,4764,1697,8924,4798,1280,6167,5079,1326,6383,4747,1413,9075,5155,1228,10284,7037,1366,8544,7393,1591,8103,5962,1238,9483,5662,610,4129,4080,801,6364,2782,1072,5044,4613,893,5082,4166,989,4620,3804,999,6434,4642,1199,5939,5059
POINT (-73.85779008961042 40.6925963247586),81,81,Queens,Jamaica Avenue,86th Street,87th Street,N,790,2313,1864,894,2188,1597,644,2007,1531,776,2158,1746,758,1892,1710,678,1987,1478,784,2486,1634,842,2367,1397,788,1758,1952,1095,2465,1537,704,1157,1320,912,1925,1295,867,2065,1690,835,1902,1643,1005,1914,1652,1036,1874,1224,1159,2138,1616,1352,2203,1312,1005,1845,1425,1234,1685,1420,1190,1616,1585,887,1287,1524,1582,2187,1296,1602,2317,1422,,,,497,1640,1082,454,1511,987,741,1549,1205,769,1770,1109,656,1587,1170,849,2305,1191,984,2327,1255
POINT (-73.8309343552709 40.76118578331917),82,82,Queens,Main Street,37th Avenue,38th Avenue,Y,1805,6685,8266,1560,5818,7615,1444,5548,8784,1316,4706,9169,1563,5406,5867,2008,7670,6584,1558,6559,7886,1942,7235,6510,1644,8323,7368,2031,6043,6721,2450,5932,4723,2581,7948,8447,2266,8751,8554,2169,7998,7097,2068,8045,6733,2291,8105,4731,2333,8040,5555,1977,8652,5557,2005,7775,6579,2524,8379,6689,2782,8993,8675,3807,11109,7963,2457,8309,8395,2520,8521,6662,2179,8440,6409,1117,4167,5160,1285,6262,4399,1545,5455,6156,2140,5318,4845,1708,5554,6312,1779,5869,6324,1999,5764,5806
POINT (-73.78539020907581 40.69769336243358),83,83,Queens,Merrick Boulevard,108th Drive,169th Place,N,63,149,57,70,108,80,98,207,76,54,87,94,26,105,63,32,132,75,62,149,86,163,310,79,163,335,305,189,368,189,87,132,119,83,139,130,162,220,178,112,387,166,89,232,134,150,267,176,90,202,76,84,165,89,68,231,95,93,177,105,74,195,44,97,171,115,54,61,54,124,201,115,,,,40,75,53,67,172,62,77,171,81,62,124,79,47,106,106,68,145,91,84,197,86
POINT (-73.75250126721374 40.604023385262565),84,84,Queens,Mott Avenue,Smith Place,Central Avenue,N,927,2468,1985,661,2785,2132,1362,2309,1208,891,2311,1734,735,1958,1850,892,1952,2222,727,1796,2056,868,1543,1736,820,1836,2116,1131,3664,1430,692,1338,2454,850,2119,1983,658,2003,2007,728,1629,1618,1451,3319,2154,1017,2827,2025,1084,2030,1150,730,1659,1574,729,1581,1554,942,1791,1580,851,2248,1745,813,1644,1614,655,1006,1034,754,1186,1153,,,,589,1608,1432,714,1851,1080,941,1882,1350,720,1695,1286,574,1733,1221,814,1967,1250,591,1482,1103
POINT (-73.91018834116497 40.69967093544051),85,85,Queens,Myrtle Avenue,Palmetto Street,Woodbine Street,Y,1245,5324,5741,1342,5867,5109,1358,6221,3214,1468,4978,3577,1316,5135,3101,1128,5053,3619,1238,4634,3218,1541,5641,2977,1296,5433,3383,1349,5349,3560,1397,3596,3082,1378,4588,3706,1389,4999,3702,1487,4681,3449,1322,4948,3167,1572,4351,3291,1481,3756,2562,1328,2141,2505,1346,4035,2505,1350,4110,2605,1458,4242,2709,1271,3736,2391,1565,3514,2133,1461,2978,2106,990,4008,2479,658,2884,2439,627,2366,2483,1049,3287,2793,964,3777,2486,1077,3363,2411,1009,3882,2760,1126,3845,2603
POINT (-73.90192709081789 40.70048761323585),86,86,Queens,Myrtle Avenue,Weirfield Street,Centre Street,N,426,3161,3816,308,2797,5540,366,2892,2139,354,2980,2517,393,2719,2404,393,3305,2032,586,3877,3738,389,3363,2345,330,3107,2470,407,2949,2507,499,1704,2747,438,2654,3476,406,3181,2886,414,2953,3020,454,3287,3050,522,2789,2535,1139,2415,2466,1046,1948,2672,868,2668,1297,934,2761,1470,936,2820,2164,880,2624,1311,1286,1796,1083,1381,1922,1232,,,,256,1835,1658,325,2198,1621,444,1866,1843,422,2280,2063,376,1483,1908,354,2059,1958,472,1907,1819
POINT (-73.80439743099372 40.76247070217481),87,87,Queens,Northern Boulevard,50' East of 161st Street,,N,302,706,596,306,912,545,174,556,456,254,540,440,104,511,304,114,672,421,258,692,614,234,816,462,314,1145,628,388,860,756,203,522,116,236,567,327,280,888,609,299,1030,571,243,947,562,307,965,415,306,946,640,301,1020,732,274,1145,850,357,725,594,288,1330,721,283,1245,659,278,1029,726,275,1027,619,,,,150,667,376,175,577,329,170,549,486,203,582,455,213,473,467,209,617,417,268,920,702
POINT (-73.83274555228842 40.760532540691116),88,88,Queens,Prince Street,37th Avenue,38th Avenue,N,368,1048,1051,339,1011,1102,358,995,643,296,1060,1361,208,1007,856,256,1169,1164,278,913,1222,316,831,1065,252,1130,1319,255,835,1419,242,760,1208,312,1058,1630,293,1210,1442,296,1256,1435,271,1360,1509,372,1630,1277,459,2163,1694,376,1506,1676,330,1881,1610,358,1985,2005,349,1899,1753,347,2299,1754,354,1768,1977,326,2110,1999,,,,196,858,1101,173,1623,1131,227,1725,1771,270,2338,2369,245,1571,1804,304,2421,2232,343,2280,2677
POINT (-73.82971390855914 40.713719487169804),89,89,Queens,Queens Boulevard,50' East of 80th Road,,N,6569,9070,2703,6876,8687,2452,3220,5656,1495,2356,4746,2273,1661,4302,954,1786,4323,1119,1769,5062,1212,2286,6977,1170,2415,4837,1033,2989,4926,1131,1634,2729,1071,1574,1904,1188,2080,4468,1178,1537,2337,1234,1626,2337,791,1704,2503,648,1824,2704,821,1947,2509,586,1561,2338,754,1799,2061,576,1695,2496,788,1368,1840,682,1682,2433,941,1473,2429,626,,,,549,998,452,710,1148,476,901,1371,634,931,1344,554,1002,1399,496,1126,1558,454,1026,1833,612
POINT (-73.8713031803217 40.73382228902959),90,90,Queens,Queens Boulevard,Woodhaven Boulevard,90th Street,N,434,2645,1790,395,2795,2180,481,3236,2362,612,2631,2014,368,2527,2591,322,3210,3145,365,2593,2092,492,2493,2529,356,2350,1985,444,2741,2811,1063,2576,2171,539,2286,2181,382,2419,2121,426,2290,2182,383,2269,2169,425,2108,1656,331,1889,1745,436,2035,1890,388,2028,1632,455,1881,1744,422,2045,1584,1066,1950,1957,452,2231,1810,469,1693,1602,,,,533,1871,1147,611,2173,1624,519,954,1631,400,1761,1859,447,1601,1398,291,1675,1219,510,1904,1537
POINT (-73.9399858877832 40.75066362916972),91,91,Queens,Queens Plaza North & South,Crescent Street,27th Street,N,5036,6091,2204,5724,6082,1627,4996,6281,2758,5296,6031,1458,1952,2141,806,4255,5306,1297,4392,5254,2511,4687,5552,1088,4461,6346,1750,5250,7292,1007,2892,3350,1658,3868,4027,1811,5298,8052,2443,5780,7274,2341,4787,7410,2584,5338,6707,1655,4221,6634,2653,5651,7769,2262,6222,8748,4257,5493,9476,1952,6045,10126,2665,5531,8837,4890,6879,12100,4082,8495,10531,3578,,,,943,1589,954,1036,1932,1236,1495,2306,1268,1469,2443,1413,1553,2360,919,1555,2572,1530,490,821,571
POINT (-73.82818894237838 40.76005352048367),92,92,Queens,Roosevelt Avenue,Main Street,Union Street,N,7893,10566,4690,9198,12958,5163,3211,13346,7747,9044,13012,7078,9175,13802,8087,8688,15500,9745,10891,14219,7738,9123,14574,7311,9253,12881,8963,10759,14081,9210,3439,8189,7573,4331,13446,10237,4380,9307,6221,3491,12451,8076,3029,13480,7503,3955,12683,7966,4236,14272,8461,3759,12940,8029,3485,12573,7617,3749,11927,8070,3516,11835,7373,3415,12440,8216,3266,12760,7344,3462,12321,7303,,,,3142,9956,,2360,10101,5851,4588,10098,6610,2199,11794,8187,3115,9664,7551,6464,12242,7781,5988,12427,8459
POINT (-73.91804029865675 40.7601549795259),93,93,Queens,Steinway Street,31st Avenue,Broadway,N,1115,6495,4356,1127,5199,4348,1230,6034,4652,1127,5360,3893,995,5290,5311,1113,5796,3956,1026,5626,4956,1013,5506,3804,1124,5991,3917,1050,6733,3790,1120,4213,4488,1212,5692,4250,1160,5949,4499,1179,5489,3923,1102,5743,4660,1096,5493,3644,951,5907,4299,1020,4615,3609,1081,5044,3570,1047,4622,3362,964,4891,3270,1054,4770,3428,1186,5810,3853,1089,4367,3582,,,,481,3688,2412,543,3831,2656,777,3922,2672,677,4165,2979,826,3320,3087,786,3818,3029,793,3704,2751
POINT (-73.8086047835953 40.70340462655154),94,94,Queens,Sutphin Boulevard,89th Avenue,90th Avenue,N,1076,2166,806,832,1664,812,320,1862,955,1424,2686,830,1093,2412,871,1148,2463,977,1192,2559,1610,1441,2823,1216,912,2254,1111,847,2789,1362,876,1310,1162,1514,1975,1038,1249,2761,967,1363,2135,1264,1083,2180,1157,1569,2727,1098,1099,2446,1053,1257,2552,914,1059,2443,734,1315,2482,1015,1448,2938,1025,1265,2730,942,1411,3385,1179,1355,2468,841,,,,1146,2679,875,662,1704,931,989,2018,814,941,1887,1103,1006,2057,1037,1005,2029,1027,1322,2547,1098
POINT (-73.84840699076847 40.72272482164015),95,95,Queens,Yellowstone Boulevard,Queens Boulevard,Gerard Place,N,245,1272,776,242,1321,867,184,620,399,197,1444,333,195,564,344,188,540,381,263,652,431,225,671,426,258,1257,795,243,604,347,268,434,843,462,1080,1051,334,713,444,421,705,439,251,687,356,357,768,399,281,887,468,343,992,429,352,689,456,354,718,467,339,876,470,288,781,369,307,557,321,303,528,361,,,,188,338,177,348,689,228,242,448,241,277,477,190,316,500,210,279,478,228,590,1693,584
POINT (-74.10857607699721 40.63017169829432),96,96,Staten Isla,Forest Avenue,Regan Avenue,Davis Avenue,N,147,228,152,155,204,85,116,240,174,150,156,138,184,214,179,183,266,155,168,253,193,166,218,198,191,319,149,91,158,143,106,241,235,172,429,215,135,527,308,236,347,194,273,344,205,208,268,231,233,289,242,197,248,217,205,304,191,203,348,210,221,325,246,228,368,247,269,332,247,180,287,213,,,,124,293,196,89,292,99,167,295,137,113,314,214,108,167,173,136,307,210,110,305,156
POINT (-74.1108725293572 40.57107102644238),97,97,Staten Isla,New Dorp Lane,Hylan Boulevard,Clawson Street,N,240,347,432,330,314,348,235,571,389,425,728,567,413,814,704,675,880,684,541,909,578,580,846,574,376,689,484,502,752,428,462,544,439,611,578,719,513,770,476,603,608,454,425,462,386,365,461,431,496,616,484,515,708,405,530,559,411,529,571,403,555,545,363,531,654,420,603,636,364,487,502,409,,,,55,238,264,95,240,345,533,485,408,344,538,473,412,590,649,534,746,534,422,752,462
POINT (-74.0752448014028 40.64298352630176),98,98,Staten Isla,Pedestrian Walkway from Ferry Terminal,50' north of Richmo Terrace,,Y,840,1268,787,992,1465,669,1001,1871,753,1449,2078,883,1234,1981,737,1044,1439,770,741,1688,804,1213,1852,647,781,1624,838,1037,1407,654,1055,1053,741,1206,2113,943,1153,1738,907,1068,1863,612,933,1771,829,1088,1462,860,914,2046,470,947,2085,1032,1090,1660,996,1148,1758,1056,1105,1687,992,1086,1679,1005,1656,2244,1333,1188,1950,1114,1358,2139,1151,395,651,305,314,520,210,753,848,429,699,1045,487,691,833,519,639,864,421,803,1092,436
POINT (-74.16614928494091 40.588135306833244),99,99,Staten Isla,Richmo Hill Road,400' west of Richmo Terrace,,N,134,129,112,138,193,84,129,148,134,123,263,151,152,196,137,183,223,160,139,265,184,141,245,138,150,198,111,100,140,102,77,84,90,93,161,113,124,186,163,170,194,100,142,233,137,158,231,159,149,234,151,167,239,165,129,199,203,138,216,200,131,224,159,169,277,219,209,358,195,164,246,186,,,,61,116,96,39,88,31,43,151,72,51,103,91,46,74,148,90,165,104,116,257,196
POINT (-74.07740338696911 40.63793280712072),100,100,Staten Isla,Victory Boulevard,Bay Street,Van Duzer Street,Y,715,1037,486,725,1176,503,925,1586,735,923,1157,556,752,1402,631,549,825,519,546,1397,939,699,1080,712,667,1215,514,396,716,489,587,838,678,619,1136,559,586,1119,600,875,1535,574,826,1186,729,771,1118,705,883,1099,618,936,1138,571,579,693,471,588,637,489,612,699,492,634,717,502,632,735,305,383,629,420,383,1139,522,,,,222,413,216,464,658,363,409,643,293,347,620,394,315,587,359,281,523,330
POINT (-73.99669788343083 40.70597016498046),101,101,East River Bridges,Brooklyn Bridge,midpoint,,N,582,1514,1699,708,1656,1327,673,2641,1023,529,2361,1436,653,2670,2302,1259,3735,2455,647,4176,2778,527,2360,2217,654,3949,2979,646,1956,2140,255,496,1458,614,2947,2848,662,2675,1886,641,4984,3356,618,6493,6049,462,3760,3265,631,3173,3835,1698,3356,3308,365,3243,5174,604,3257,3450,598,3934,4713,768,4015,7032,507,4813,6037,430,3995,4884,,,,,,,354,2618,1444,531,1724,3183,567,3654,5564,558,2693,6248,687,5492,5513,603,2921,4884
POINT (-73.99094199014799 40.70806538980729),102,102,East River Bridges,Manhattan Bridge  North Path,midpoint,,N,,,,,,,,,,,,,14,12,28,,,,13,36,32,0,0,3,9,24,10,150,178,115,9,23,109,6,41,8,10,24,18,8,10,34,6,14,20,3,5,6,3,2,7,8,7,3,5,14,13,5,3,9,3,5,5,3,4,5,0,0,2,1,2,2,,,,,,,137,396,171,66,146,34,56,115,43,49,98,66,112,265,63,33,53,22
POINT (-73.99114419929703 40.70794847867023),103,103,East River Bridges,Manhattan Bridge  South Path,midpoint,,N,82,131,158,64,136,93,62,211,78,75,207,85,97,221,163,90,198,205,60,235,95,75,245,176,52,237,302,72,102,92,80,144,245,104,305,274,134,313,195,128,312,330,144,452,415,124,283,201,142,351,260,176,381,184,109,277,385,231,260,222,191,542,465,176,522,210,164,622,477,167,636,520,,,,,,,48,116,34,194,581,381,190,465,427,154,322,633,173,634,144,168,329,430
POINT (-73.97202493782653 40.71353372301599),104,104,East River Bridges,Williamsburg Bridge,midpoint,,N,130,345,370,161,289,312,203,497,455,232,382,315,328,539,507,130,383,343,104,402,468,269,547,396,256,647,582,224,304,443,269,377,305,374,776,720,385,861,1086,400,838,800,394,830,973,263,713,578,374,906,1093,430,812,765,443,940,819,423,923,731,442,979,1077,401,538,713,425,930,1019,464,777,997,,,,,,,354,798,330,389,979,696,462,862,783,291,460,876,91,160,43,382,562,773
POINT (-73.95460085520162 40.7568698600874),105,105,East River Bridges,Queensboro Bridge,midpoint,,N,35,107,103,28,114,68,17,70,94,94,196,165,345,506,82,54,154,94,91,230,95,90,243,164,87,272,95,112,114,128,117,185,111,107,278,120,142,379,226,130,414,197,127,729,250,142,374,224,133,332,207,167,317,216,161,373,209,260,334,218,212,403,227,222,399,227,186,427,214,178,413,223,,,,,,,236,497,148,674,1250,808,187,379,152,151,291,195,317,509,220,242,374,150
POINT (-73.91119970135458 40.87354735900012),106,106,Harlem River Bridges,Broadway Bridge,midpoint,,N,360,782,455,271,684,410,314,743,652,420,814,751,354,584,683,541,924,449,406,776,689,427,926,601,352,1266,512,730,1117,834,497,709,795,529,1084,905,478,976,623,537,998,778,473,978,739,530,818,594,540,925,521,566,972,644,500,981,563,425,1034,614,519,1081,415,521,796,538,481,1046,1442,443,973,588,,,,,,,398,882,548,498,797,508,546,835,411,538,812,642,501,805,540,616,820,521
POINT (-73.91488962537817 40.86276958338557),107,107,Harlem River Bridges,University Heights Bridge,midpoint,,N,192,480,321,124,343,172,181,419,331,223,487,272,162,455,245,216,558,308,184,538,386,259,548,281,186,682,319,265,531,265,222,327,369,272,527,351,258,610,348,264,579,298,317,511,346,284,535,190,315,793,322,302,606,290,321,840,296,368,638,320,331,653,207,339,613,290,363,838,326,424,966,291,,,,,,,188,374,212,244,345,196,252,389,145,249,358,220,193,358,218,302,416,63
POINT (-73.93380588837293 40.8280999599949),108,108,Harlem River Bridges,Macombs Dam Bridge,midpoint,,N,103,197,297,224,351,148,129,304,213,209,297,168,151,183,293,265,478,396,166,380,322,251,409,373,222,407,286,275,472,389,275,382,320,258,460,372,267,485,479,253,465,408,247,476,402,404,664,585,259,498,411,423,690,590,270,518,418,449,714,608,267,497,410,459,725,605,251,455,372,239,420,314,,,,,,,132,422,162,199,374,174,208,387,215,144,269,263,124,355,224,155,293,174
POINT (-73.93330492386069 40.81949494541155),109,109,Harlem River Bridges,145th Street Bridge,midpoint,,N,132,200,135,158,338,122,7,23,8,89,135,99,72,157,58,92,216,299,70,159,216,113,197,236,128,201,290,117,219,261,79,286,351,325,836,497,250,897,494,353,873,533,124,493,292,197,526,386,136,505,323,193,539,394,112,456,293,208,563,389,133,457,278,235,589,416,162,502,365,167,493,284,,,,,,,209,731,337,198,414,230,161,414,300,136,379,247,127,355,234,129,354,289
POINT (-73.9331330278822 40.814131067977755),110,110,Harlem River Bridges,Madison Avenue Bridge,midpoint,,N,145,305,113,303,513,197,174,148,144,290,362,118,272,331,251,214,242,162,313,367,199,256,346,164,350,392,240,295,473,231,407,412,263,418,458,170,266,354,194,341,431,211,344,501,194,348,458,182,356,542,193,381,500,223,238,391,206,410,540,251,253,452,237,449,589,277,428,515,239,438,496,152,,,,,,,245,342,131,348,472,167,337,409,153,313,538,179,266,345,120,292,357,150
POINT (-73.93252967704326 40.80755481010351),111,111,Harlem River Bridges,Third Avenue Bridge,midpoint,,N,49,126,400,88,190,65,60,130,46,66,147,73,99,153,53,138,166,131,96,188,106,116,201,131,145,210,166,178,230,139,208,191,137,202,374,166,179,332,184,176,318,168,203,342,200,196,360,188,217,364,210,198,325,221,185,324,175,214,342,247,190,352,185,229,349,251,91,382,193,91,377,71,,,,,,,64,133,49,86,135,63,119,154,57,80,137,76,107,197,85,56,101,29
POINT (-73.92896107917844 40.803769279822106),112,112,Harlem River Bridges,Willis Avenue Bridge,midpoint,,N,57,118,127,125,214,85,218,193,100,146,178,82,83,110,78,66,110,79,66,102,71,78,118,50,71,87,29,61,102,60,82,114,71,134,213,126,152,331,108,176,349,144,127,309,108,168,351,148,133,319,122,168,338,162,101,242,123,227,393,158,109,237,144,273,458,181,111,216,160,162,202,203,,,,,,,71,116,59,127,240,90,119,212,73,137,218,117,103,187,57,73,134,102
POINT (-73.92785197149036 40.80034506063933),113,113,Harlem River Bridges,Triborough Bridge (Manhattan span),midpoint,,N,17,35,34,11,44,24,30,44,16,30,200,23,37,44,23,20,174,66,12,39,55,36,205,64,10,45,11,7,119,39,26,21,49,6,33,15,12,42,16,13,31,40,14,32,10,21,42,20,19,36,14,17,40,28,10,18,8,21,43,21,7,19,5,16,38,24,6,14,4,12,15,6,,,,,,,23,52,37,,,,,,,,,,,,,,,
POINT (-73.93686603590555 40.78611224350855),114,114,Harlem River Bridges,Wards Isla Bridge,midpoint,,N,57,207,71,63,186,149,45,203,113,80,190,120,33,213,324,43,151,173,37,169,674,77,205,913,32,66,70,62,189,936,78,249,439,102,460,569,191,455,435,92,514,594,164,527,312,123,458,564,189,539,312,117,424,581,160,484,300,159,490,587,169,493,312,178,519,608,187,543,351,213,490,263,,,,,,,237,405,353,188,507,1393,235,615,413,134,146,460,158,458,618,618,1071,792
