taxi_zone,hour,mean,std
4,0,840.5783078,189.3559419
4,1,544.1423247,208.2758912
4,2,370.9065304,178.0643885
4,3,228.2134278,121.2591744
4,4,167.7375599,58.55546737
4,5,177.9267343,19.6007991
4,6,450.9493165,27.0424355
4,7,1099.425809,82.99196599
4,8,2003.098259,160.0770625
4,9,1496.778918,83.92351152
4,10,1245.130679,41.16686643
4,11,1322.310823,51.30400526
4,12,1518.667871,58.94838954
4,13,1766.649967,71.97840992
4,14,2174.065813,85.38817273
4,15,2640.805584,101.4523418
4,16,2734.659372,96.06529808
4,17,2985.6624,117.5732797
4,18,2752.117363,117.3045004
4,19,2225.362049,114.5722871
4,20,1909.580322,117.5048291
4,21,1704.990978,121.3863479
4,22,1561.832295,135.6650144
4,23,1207.213731,163.3330959
12,0,187.7608493,12.37663254
12,1,69.18378783,4.509196355
12,2,37.37661983,3.498439868
12,3,27.91712896,1.993485876
12,4,49.02924218,2.238366463
12,5,210.23726,13.6487719
12,6,553.2476609,36.32189533
12,7,1198.852998,90.61369197
12,8,1640.557842,120.424048
12,9,1195.164412,62.78375583
12,10,959.0128024,29.48674567
12,11,1086.25122,34.99146918
12,12,1297.518242,40.70423052
12,13,1481.186114,48.10912987
12,14,1729.231486,56.74535043
12,15,2344.247544,85.33496857
12,16,2963.504782,130.9022457
12,17,3655.781703,219.178142
12,18,2268.509955,123.0268365
12,19,1233.665928,51.02174556
12,20,763.3002359,30.93643322
12,21,534.0868983,22.90223889
12,22,406.8545529,17.60006497
12,23,290.1811592,13.33225855
13,0,522.2301276,81.59925931
13,1,238.8042549,64.68548788
13,2,131.5842353,45.61399366
13,3,87.07967186,30.25783204
13,4,98.26250461,16.81314167
13,5,264.293245,22.4548851
13,6,813.9427955,101.6098852
13,7,1754.454379,223.9374765
13,8,2719.268739,312.3554278
13,9,2254.714703,224.3234572
13,10,1920.83178,110.903928
13,11,2179.505183,94.9215036
13,12,2557.433862,102.7496128
13,13,2843.849635,107.8677836
13,14,3402.854261,125.7463065
13,15,4622.791672,203.9705406
13,16,5857.785798,308.6207255
13,17,7507.458497,514.8517866
13,18,5370.833272,346.0750603
13,19,3205.636095,201.4526337
13,20,2115.35309,154.8117562
13,21,1573.066024,160.076445
13,22,1253.382838,124.5582906
13,23,911.9075086,95.69687165
24,0,153.7684932,66.43500775
24,1,97.94794521,55.07695106
24,2,65.60136986,42.24822134
24,3,44.92465753,31.00366933
24,4,41.36712329,18.10742259
24,5,62.39452055,15.53377567
24,6,164.169863,64.54295299
24,7,436.6356164,227.82475
24,8,752.430137,412.8759
24,9,538.0767123,166.5145384
24,10,491.6780822,93.41364379
24,11,518.3767123,117.8869597
24,12,575.7342466,141.7314857
24,13,605.4575342,153.4375347
24,14,664.569863,155.8097523
24,15,814.4821918,230.3888949
24,16,854.3712329,230.3653518
24,17,897.1205479,279.2259175
24,18,769.8273973,210.3207631
24,19,590.3808219,155.0239865
24,20,456.6657534,109.8371562
24,21,386.0726027,91.8235855
24,22,324.5958904,92.04355583
24,23,267.8630137,86.229304
41,0,478.169863,188.6918978
41,1,299.2041096,161.8432178
41,2,200.5328767,118.4672094
41,3,156.2890411,86.42209883
41,4,169.7863014,49.8091648
41,5,352.4671233,100.6844731
41,6,850.4424658,355.6079708
41,7,2092.50411,1168.435225
41,8,2747.3,1442.746258
41,9,1966.624658,664.2286668
41,10,1625.473973,341.3087014
41,11,1619.083562,342.4809946
41,12,1738.913699,391.0933174
41,13,1834.416438,393.8109456
41,14,2022.891781,419.2880445
41,15,2309.047945,566.6725409
41,16,2397.489041,643.5998493
41,17,2491.668493,721.5811797
41,18,2152.275342,559.9929522
41,19,1650.657534,401.6807493
41,20,1268.110959,302.5347422
41,21,1025.347945,247.4744909
41,22,875.3986301,234.0972885
41,23,707.8068493,213.5378385
42,0,563.6753425,178.7649446
42,1,394.6287671,182.4146695
42,2,288.1041096,154.8946458
42,3,229.7205479,122.3539974
42,4,250.7616438,78.8097893
42,5,436.5863014,107.8966829
42,6,865.3506849,335.4268174
42,7,1826.705479,945.0818834
42,8,1965.460274,887.2553921
42,9,1436.912329,423.8040097
42,10,1156.643836,221.2614645
42,11,1102.534247,197.526903
42,12,1147.365753,208.6774388
42,13,1207.423288,215.4570801
42,14,1384.553425,304.4128451
42,15,1451.120548,328.9084733
42,16,1568.393151,419.5709386
42,17,1482.136986,377.6293614
42,18,1295.952055,285.7853265
42,19,1076.780822,207.2938874
42,20,932.2986301,168.3253712
42,21,816.2767123,158.30569
42,22,774.1082192,158.9951404
42,23,719.3260274,166.8930085
43,0,230.0465753,156.3941611
43,1,84.39726027,76.28547923
43,2,42.07945205,31.34964534
43,3,25.24246575,18.2003815
43,4,24.68082192,11.14664882
43,5,58.95890411,21.51972226
43,6,248.1232877,112.2651972
43,7,774.0863014,438.5820299
43,8,1370.546575,801.0112975
43,9,1217.780822,477.1432147
43,10,1281.726027,316.4361674
43,11,1530.40137,359.9128636
43,12,1957.287671,480.8086632
43,13,2267.439726,584.4633286
43,14,2792.70411,706.3755283
43,15,3610.227397,979.8333529
43,16,4178.653425,1215.081579
43,17,4505.336986,1386.89761
43,18,3097.035616,1022.340116
43,19,1948.286301,640.2468479
43,20,1302.171233,464.6748049
43,21,946.690411,347.7861909
43,22,827.2041096,356.7717137
43,23,550.3410959,219.7074126
45,0,282.3027397,141.9792779
45,1,177.8561644,125.3565226
45,2,108.5520548,90.55511264
45,3,67.64794521,55.35101262
45,4,51.86712329,28.7085566
45,5,66.50684932,17.39000177
45,6,153.3753425,63.03043396
45,7,408.9465753,222.1651498
45,8,660.3452055,379.6282511
45,9,662.9671233,314.6089113
45,10,700.2465753,256.3689675
45,11,818.2287671,244.6847775
45,12,958.8726027,275.9456049
45,13,1001.958904,278.2451149
45,14,1223.2,380.0307886
45,15,1686.056164,645.6050731
45,16,2193.409589,1001.055797
45,17,2306.809589,1118.484854
45,18,1459.39589,562.7927844
45,19,977.869863,291.7905102
45,20,769.2945205,214.9439002
45,21,580.1986301,169.2645765
45,22,489.1041096,148.9047259
45,23,397.8356164,146.6005101
48,0,1145.778082,529.3853413
48,1,795.7917808,497.3210073
48,2,577.3575342,419.8293691
48,3,435.330137,329.2250606
48,4,348.9205479,214.3479134
48,5,297.5410959,63.11773208
48,6,497.8616438,111.4182608
48,7,820.1589041,296.0017229
48,8,1156.623288,390.0034318
48,9,1302.976712,291.5737315
48,10,1278.761644,213.8111564
48,11,1261.827397,236.2349864
48,12,1314.59726,261.3623157
48,13,1400.260274,284.5357747
48,14,1555.668493,273.5204463
48,15,1774.615068,363.7277484
48,16,1962.109589,374.4332878
48,17,2273.176712,475.7608796
48,18,2207.347945,416.1949587
48,19,1929.735616,390.8498811
48,20,1715.836986,350.4149247
48,21,1912.827397,431.4218815
48,22,1935.772603,562.9742327
48,23,1585.106849,576.2481529
50,0,580.7482515,227.8014011
50,1,346.0353243,211.6251153
50,2,250.2910254,186.5282324
50,3,199.6201528,155.4322865
50,4,165.318784,105.1257667
50,5,163.0467602,30.24143985
50,6,369.104519,47.07790868
50,7,859.8586292,110.0683465
50,8,1463.50468,169.2378094
50,9,1283.952289,136.9467493
50,10,1090.307514,103.1817348
50,11,1162.659157,101.0014433
50,12,1285.77036,99.97297408
50,13,1409.515814,94.03293719
50,14,1661.525648,95.32123381
50,15,2040.270357,98.57979232
50,16,2295.908508,107.5443424
50,17,2638.829922,138.9262288
50,18,2428.829954,151.9621628
50,19,1804.408766,156.4500155
50,20,1459.886,147.2648564
50,21,1271.040036,142.5651659
50,22,1200.226204,167.2336252
50,23,908.465706,205.116625
68,0,1583.045205,783.0781158
68,1,887.3986301,609.4000502
68,2,575.6013699,430.9941852
68,3,410.2191781,308.8260237
68,4,351.7205479,170.5731522
68,5,648.4712329,256.3903593
68,6,1877.293151,1025.880594
68,7,3510.864384,2250.586564
68,8,5045.712329,3265.524907
68,9,4014.180822,1933.063862
68,10,3257.906849,963.3118482
68,11,3316.69726,901.3078427
68,12,3642.391781,1020.298989
68,13,3979.810959,1142.264657
68,14,4538.620548,1300.605268
68,15,5348.49726,1639.754128
68,16,6043.939726,1940.557518
68,17,7406.784932,2826.306349
68,18,6823.79863,2400.792119
68,19,5228.89589,1581.199775
68,20,4157.267123,1215.195519
68,21,3763.39589,1102.153947
68,22,3418.650685,1084.62675
68,23,2560.930137,995.581416
74,0,532.5520548,298.4542356
74,1,321.760274,175.2877824
74,2,212.0808219,109.5859287
74,3,180.609589,86.19865508
74,4,220.8205479,54.69322716
74,5,442.1739726,116.7488183
74,6,1036.378082,401.5894205
74,7,2031.612329,1020.703133
74,8,2277.082192,1062.969734
74,9,1672.79589,536.042738
74,10,1414.515068,298.292632
74,11,1335.09726,250.295743
74,12,1407.283562,264.6033248
74,13,1509.841096,296.5865004
74,14,1764.350685,385.8118909
74,15,2199.078082,631.4825443
74,16,2246.765753,664.5109415
74,17,2189.447945,672.3629896
74,18,1798.10274,449.0140598
74,19,1390.439726,308.5515474
74,20,1110.232877,219.6491042
74,21,930.3287671,189.8212035
74,22,838.6808219,198.7106955
74,23,729.209589,299.9368085
75,0,425.2561644,136.8725594
75,1,264.8232877,127.5587506
75,2,191.5726027,102.2984193
75,3,164.1849315,73.03500893
75,4,210.090411,39.96308367
75,5,433.4273973,125.151303
75,6,1073.780822,377.064841
75,7,2210.173973,1060.408605
75,8,2929.405479,1517.980024
75,9,2045.293151,729.4706193
75,10,1648.861644,358.5149889
75,11,1594.208219,315.3364792
75,12,1582.393151,299.6925909
75,13,1669.993151,325.5788029
75,14,2009.408219,523.488295
75,15,2513.808219,857.6695057
75,16,2435.931507,831.2278625
75,17,2390.510959,841.5065124
75,18,1879.175342,536.429592
75,19,1439.184932,343.5096036
75,20,1110.286301,245.3037846
75,21,879.269863,181.9797538
75,22,803.7424658,163.8725105
75,23,674.6739726,149.6081136
79,0,1889.950685,1299.425271
79,1,1446.845205,1302.203978
79,2,1071.021918,1077.196645
79,3,700.9342466,736.2591566
79,4,402.7054795,332.268624
79,5,286.209589,76.60053448
79,6,551.7328767,186.044963
79,7,1227.391781,617.8278912
79,8,2243.142466,1297.896665
79,9,1798.354795,693.6040437
79,10,1494.067123,311.736848
79,11,1595.142466,400.59242
79,12,1803.354795,518.7302254
79,13,2004.228767,579.5168969
79,14,2255.183562,563.2402404
79,15,2559.49863,567.2568175
79,16,2756.667123,578.5919668
79,17,3112.028767,681.5572828
79,18,3318.471233,753.2933599
79,19,3212.445205,837.4245484
79,20,2920.530137,824.6498012
79,21,2790.534247,827.5006692
79,22,2805.779452,985.6172608
79,23,2393.184932,1180.136785
87,0,560.3369863,270.6890691
87,1,337.0986301,250.0650146
87,2,227.4452055,200.7622659
87,3,160.6534247,147.1828054
87,4,125.2657534,82.03743369
87,5,132.6561644,31.60170285
87,6,293.1890411,111.7555381
87,7,546.4890411,272.5589865
87,8,911.5232877,501.2070589
87,9,826.9876712,312.8884787
87,10,773.3808219,198.4719063
87,11,824.9726027,212.2113288
87,12,924.1589041,247.1625634
87,13,985.6068493,257.4999412
87,14,1168.686301,333.7016508
87,15,1597.983562,578.5425444
87,16,2131.716438,947.8376939
87,17,2832.519178,1476.44993
87,18,2051.220548,847.8607644
87,19,1386.627397,421.9556934
87,20,1091.320548,304.1943845
87,21,995.6232877,281.2680999
87,22,911.3424658,265.679155
87,23,772.9410959,280.1828486
88,0,275.3369863,122.0908784
88,1,151.169863,91.65443942
88,2,93.05753425,62.58165129
88,3,63.29452055,33.85111593
88,4,81.72054795,23.00143109
88,5,247.4972603,126.6858795
88,6,462.4835616,236.1636987
88,7,1035.994521,572.5090088
88,8,1167.868493,633.7396914
88,9,832.2191781,349.8847055
88,10,678.8041096,191.2280757
88,11,765.6287671,216.2552422
88,12,931.2671233,267.1005188
88,13,1097.543836,325.8630686
88,14,1215.623288,365.1956151
88,15,1542.4,503.8520495
88,16,1867.879452,678.1867451
88,17,2264.961644,980.7585198
88,18,1430.60137,530.3362742
88,19,900.2520548,291.7689712
88,20,676.8205479,231.9795456
88,21,567.9205479,201.7698895
88,22,473.0191781,180.0639565
88,23,355.4739726,140.2611322
90,0,1291.589041,722.6208669
90,1,748.3164384,567.5289372
90,2,494.7260274,420.091399
90,3,324.1547945,288.4402107
90,4,246.3479452,158.8921506
90,5,299.209589,87.92619842
90,6,702.2493151,322.2996685
90,7,1653.971233,974.5899214
90,8,3066.560274,1891.538806
90,9,2706.479452,1281.674527
90,10,2308.636986,690.2056738
90,11,2515.742466,681.8003537
90,12,2912.636986,815.3877891
90,13,3268.70274,951.3055159
90,14,3949.134247,1227.343844
90,15,5011.123288,1782.354645
90,16,5434.017808,1917.640643
90,17,6174.926027,2418.399747
90,18,5940.119178,2301.717496
90,19,4499.305479,1566.178406
90,20,3588.946575,1248.577605
90,21,3161.747945,1128.999953
90,22,2740.909589,974.5759079
90,23,2037.757534,846.3430963
100,0,451.090411,245.5663313
100,1,301.9205479,176.785438
100,2,204.3465753,131.942693
100,3,143.1917808,93.70303872
100,4,128.3945205,66.41700555
100,5,198.2958904,162.7774874
100,6,398.2534247,445.4888625
100,7,613.2,831.5824378
100,8,795.1328767,1019.969499
100,9,836.9945205,775.5628745
100,10,772.3945205,566.0129131
100,11,792.0534247,559.8490573
100,12,808.2410959,565.743925
100,13,833.139726,596.7631549
100,14,875.1739726,633.0954664
100,15,919.0767123,714.7815073
100,16,997.8520548,814.5972976
100,17,1130.460274,1022.920318
100,18,1084.183562,846.1714629
100,19,923.8479452,615.2752962
100,20,784.0986301,471.7488301
100,21,743.9876712,454.2044627
100,22,711.6383562,428.4639847
100,23,598.9027397,306.6063684
107,0,909.7534247,549.9950712
107,1,602.0219178,515.4091342
107,2,402.3712329,395.1994381
107,3,253.6260274,256.1231402
107,4,175.2452055,128.0363519
107,5,183.1479452,39.85033767
107,6,401.3931507,129.6692964
107,7,828.2082192,349.4918364
107,8,1274.791781,622.1252816
107,9,1185.99726,420.9818688
107,10,1113.284932,220.8044052
107,11,1180.328767,214.3240086
107,12,1310.375342,247.0472016
107,13,1374.030137,263.0772035
107,14,1549.49589,297.2458315
107,15,1879.69863,431.8345523
107,16,2174.113699,592.0331451
107,17,2505.691781,825.2257152
107,18,2311.628767,654.9092696
107,19,2038.824658,531.0604082
107,20,1762.346575,467.8945271
107,21,1647.328767,433.8663785
107,22,1611.527397,479.7731202
107,23,1318.947945,552.402626
113,0,694.1616438,432.765641
113,1,412.939726,345.5143387
113,2,255.0493151,239.0758391
113,3,156.5589041,155.063357
113,4,114.3876712,77.17419493
113,5,116.8465753,24.54538129
113,6,274.2835616,110.0198779
113,7,684.7575342,387.3256661
113,8,1385.691781,856.5502264
113,9,1232.235616,569.1420799
113,10,1028.424658,268.261257
113,11,1100.632877,236.245297
113,12,1340.883562,308.7275782
113,13,1492.19589,341.1769651
113,14,1659.050685,369.0767094
113,15,2006.989041,482.2688973
113,16,2229.261644,567.537241
113,17,2492.805479,703.0358433
113,18,2430.180822,688.211216
113,19,2088.420548,550.8372053
113,20,1889.787671,534.2925352
113,21,1759.643836,490.2513274
113,22,1522.035616,470.3614305
113,23,1120.436986,475.698775
114,0,1037.127397,617.71104
114,1,705.060274,584.7282221
114,2,475.2726027,461.2859177
114,3,264.339726,279.5714478
114,4,136.5027397,110.81842
114,5,101.0205479,26.83354911
114,6,227.5287671,88.64703127
114,7,515.1383562,272.7104944
114,8,960.5876712,540.1566187
114,9,929.9356164,396.5267727
114,10,883.1164384,223.9975416
114,11,1071.983562,240.8567464
114,12,1362.012329,319.1223881
114,13,1650.479452,407.4453824
114,14,1918.272603,471.7030418
114,15,2317.289041,586.5179572
114,16,2731.078082,697.6469549
114,17,3207.724658,889.5350087
114,18,3273.920548,930.6084381
114,19,2790.482192,759.8492128
114,20,2218.608219,627.8878653
114,21,1892.289041,536.5435843
114,22,1665.021918,528.6356273
114,23,1382.076712,604.5082343
116,0,381.2561644,130.7787013
116,1,264.0369863,123.7696653
116,2,194.8863014,100.8392054
116,3,170.8945205,72.81209141
116,4,243.909589,48.56034433
116,5,509.509589,168.1143237
116,6,1004.479452,410.4647241
116,7,1855.020548,964.2814454
116,8,2164.853425,1027.284478
116,9,1597.339726,497.6980091
116,10,1295.390411,284.855292
116,11,1223.820548,262.238071
116,12,1266.424658,275.1485753
116,13,1310.458904,277.0968574
116,14,1445.193151,315.5437699
116,15,1559.189041,406.2264802
116,16,1516.226027,412.0472886
116,17,1504.627397,437.1752617
116,18,1345.308219,370.5756536
116,19,1037.442466,259.4325402
116,20,820.0150685,187.4889913
116,21,690.3863014,147.7230339
116,22,627.8821918,136.2649213
116,23,512.1383562,131.4008152
120,0,5.526027397,3.697032043
120,1,3.819178082,3.239022085
120,2,2.810958904,2.804051627
120,3,2.091780822,2.288172813
120,4,1.953424658,1.885041994
120,5,1.946575342,1.487449294
120,6,3.275342466,1.783038576
120,7,5.78630137,3.519232484
120,8,7.650684932,4.3239729
120,9,6.590410959,3.368646868
120,10,5.365753425,2.898214728
120,11,5.289041096,2.874134289
120,12,5.526027397,3.032065823
120,13,5.961643836,3.018217669
120,14,7.069863014,3.41894925
120,15,6.842465753,3.246795098
120,16,7.138356164,3.472215018
120,17,8.108219178,3.644800247
120,18,8.535616438,3.931089193
120,19,8.12739726,3.713533632
120,20,7.520547945,4.030778666
120,21,7.408219178,3.584823728
120,22,7.24109589,3.686546766
120,23,7.261643836,3.659556523
125,0,368.5684932,214.3988856
125,1,238.9178082,189.888015
125,2,170.7479452,151.0655688
125,3,114.9287671,101.772685
125,4,81.50547945,56.57167635
125,5,68.3109589,17.45165426
125,6,132.5205479,49.28206367
125,7,293.5410959,152.7916594
125,8,564.160274,326.5599646
125,9,596.4205479,283.5318643
125,10,542.2410959,173.7593592
125,11,581.8136986,166.5582308
125,12,673.1890411,195.2136388
125,13,775.6328767,231.4585103
125,14,975.4328767,329.6271477
125,15,1198.860274,454.6095654
125,16,1363.884932,599.3132219
125,17,1726.691781,925.5971858
125,18,1425.909589,635.7038979
125,19,1040.447945,365.7815252
125,20,826.8561644,319.1262546
125,21,729.8013699,250.5007063
125,22,693.4438356,235.6030065
125,23,547.3821918,237.0246882
127,0,268.1876712,115.7816834
127,1,200.8205479,112.6605149
127,2,150.2424658,89.09334575
127,3,127.1643836,77.4505132
127,4,169.3863014,61.19772832
127,5,320.5808219,99.63234012
127,6,602.6150685,258.1485702
127,7,1166.921918,640.5135034
127,8,1221.584932,597.9657298
127,9,770.1287671,244.6593497
127,10,624.1369863,145.6047806
127,11,585.9068493,127.3972308
127,12,600.6054795,127.3332276
127,13,669.6684932,137.8629057
127,14,739.1808219,162.6419656
127,15,826.0369863,223.727893
127,16,783.9,208.0879698
127,17,771.6246575,204.0431083
127,18,652.2082192,148.6440144
127,19,535.4356164,111.6103443
127,20,454.560274,97.44812448
127,21,418.2150685,95.7378052
127,22,380.3917808,100.5201421
127,23,323.5739726,110.9304736
128,0,8.516438356,3.756348579
128,1,5.305479452,2.916035342
128,2,4.034246575,2.453446901
128,3,2.928767123,2.058904809
128,4,3.104109589,1.969621018
128,5,8.369863014,3.728461141
128,6,21.64109589,6.013698027
128,7,24.68630137,6.590424426
128,8,17.6630137,5.709845343
128,9,15.80273973,5.40329556
128,10,14.99589041,4.755328781
128,11,13.86849315,5.149263847
128,12,13.45890411,5.270107112
128,13,14.61917808,5.494745152
128,14,17.26986301,5.908752545
128,15,17.83561644,5.313010918
128,16,16.27945205,5.20828081
128,17,16.06849315,5.520453966
128,18,17.36575342,5.131112747
128,19,20.07260274,5.316995559
128,20,15.56986301,5.151069912
128,21,12.80958904,4.701010147
128,22,15.29863014,4.774029341
128,23,16.33150685,5.287583528
137,0,681.8664631,241.5410141
137,1,427.134058,270.1182676
137,2,289.7677434,228.9034539
137,3,199.8849643,158.9988257
137,4,149.6781488,82.90776565
137,5,184.0746504,23.29331927
137,6,472.4756445,65.97581297
137,7,867.8008622,125.6785949
137,8,1222.965759,186.8694133
137,9,1039.319032,145.1869124
137,10,942.5221532,78.88750639
137,11,995.0274143,64.22150168
137,12,1103.875504,73.63160032
137,13,1180.352123,73.34340332
137,14,1361.767498,76.94779033
137,15,1695.46662,88.99227181
137,16,1994.095374,106.3501159
137,17,2249.598474,147.5689173
137,18,1958.357159,147.9085373
137,19,1665.378113,169.572076
137,20,1380.324567,172.663044
137,21,1248.197817,164.9482594
137,22,1236.19584,190.4323589
137,23,1017.668187,233.7088259
140,0,498.3972683,127.1498173
140,1,237.2047662,117.1763107
140,2,146.2634536,91.9807095
140,3,104.4233253,63.0170566
140,4,107.1813806,31.37007239
140,5,216.2131832,45.24828719
140,6,612.0162554,123.4871752
140,7,1255.58803,221.5356437
140,8,1951.993857,344.2465586
140,9,1650.974119,289.1417194
140,10,1495.981032,207.3684407
140,11,1556.643478,169.9055144
140,12,1675.596603,155.4647599
140,13,1810.281808,166.09271
140,14,2168.849304,192.8725261
140,15,2691.32836,224.7782248
140,16,3281.008103,242.7674244
140,17,4213.306178,340.0350333
140,18,3383.532406,269.0098227
140,19,2299.624094,185.4798259
140,20,1573.213441,135.8279859
140,21,1204.826262,117.249768
140,22,1045.73663,117.2332961
140,23,833.2569472,132.1578209
141,0,548.3219178,289.7231149
141,1,330.3821918,246.353634
141,2,220.0273973,179.4082387
141,3,150.8972603,116.561524
141,4,133.9082192,61.39392305
141,5,169.5726027,40.14105192
141,6,437.7493151,168.013697
141,7,1116.213699,538.1994529
141,8,1909.336986,1031.933016
141,9,1458.858904,544.0478531
141,10,1260.242466,232.3838415
141,11,1327.167123,222.8935957
141,12,1439.257534,245.0302397
141,13,1506.831507,255.9007499
141,14,1723.694521,327.9055388
141,15,2209.689041,605.0642773
141,16,2653.128767,879.5210006
141,17,3028.639726,1144.083267
141,18,2610.578082,806.1190078
141,19,2065.008219,538.9423926
141,20,1582.856164,368.3747158
141,21,1321.90274,302.500045
141,22,1187.549315,325.7901626
141,23,912.3068493,339.7379917
142,0,1021.247945,465.0838769
142,1,460.3876712,276.2276185
142,2,244.3287671,164.7607947
142,3,149.6945205,99.01201156
142,4,150.6273973,53.89552781
142,5,272.1986301,69.95573947
142,6,656.3150685,236.4272583
142,7,1599.150685,759.5384721
142,8,2621.889041,1329.516442
142,9,2474.727397,890.3952104
142,10,2477.443836,655.0121395
142,11,2770.890411,640.8446065
142,12,3321.00274,759.3256376
142,13,3680.480822,854.8689487
142,14,4401.686301,1138.38527
142,15,5695.846575,1781.133862
142,16,6465.436986,2053.10147
142,17,7055.146575,2481.14819
142,18,5994.331507,1837.076796
142,19,4576.058904,1267.37697
142,20,3509.035616,1002.74787
142,21,3347.154795,1197.964968
142,22,3103.093151,1230.462914
142,23,2095.732877,893.6003232
143,0,427.4712329,213.1927581
143,1,208.3150685,136.1437428
143,2,119.1520548,87.43314218
143,3,75.22054795,54.81338201
143,4,76.93150685,30.39507973
143,5,149.0506849,42.48468012
143,6,426.5452055,177.7991075
143,7,1197.208219,672.4437675
143,8,2094.973973,1207.529326
143,9,1670.530137,665.9628856
143,10,1389.909589,342.2911948
143,11,1432.065753,299.6482594
143,12,1581.880822,344.0720819
143,13,1706.608219,388.9520935
143,14,1943.50274,450.2544936
143,15,2335.030137,594.000565
143,16,2621.987671,731.648535
143,17,2663.10274,726.742907
143,18,2597.449315,682.900761
143,19,1985.927397,500.4259162
143,20,1549.010959,379.2594182
143,21,1340.676712,367.0105004
143,22,1282.154795,435.8392618
143,23,844.5767123,346.3168744
144,0,966.8,589.7101667
144,1,623.1410959,520.5421892
144,2,427.8410959,409.0917833
144,3,276.6178082,279.3741594
144,4,178.360274,149.6696419
144,5,123.1671233,37.14694084
144,6,257.7506849,81.42274503
144,7,617.7835616,294.8655126
144,8,1146.028767,591.5630877
144,9,1243.716438,462.0588866
144,10,1441.865753,353.7019407
144,11,1872.645205,424.2609213
144,12,2438.394521,572.3724151
144,13,2946.173973,754.36055
144,14,3485.69726,922.6479161
144,15,4185.5,1112.268173
144,16,4880.124658,1260.287251
144,17,5838.632877,1605.429805
144,18,5325.373973,1418.356526
144,19,4152.906849,1097.220292
144,20,3133.680822,881.1376972
144,21,2460.689041,716.211886
144,22,1988.882192,645.5294271
144,23,1441.578082,640.3769295
148,0,1669.715068,1101.982761
148,1,1266.268493,1119.772231
148,2,929.5986301,925.1978555
148,3,614.409589,634.9021014
148,4,378.3260274,307.7481699
148,5,262.6383562,71.58477018
148,6,537.2767123,186.4388679
148,7,1165.352055,573.5298
148,8,2013.223288,1085.795301
148,9,1651.668493,618.8789854
148,10,1544.979452,361.320761
148,11,1711.668493,372.6704907
148,12,1996.253425,451.7262638
148,13,2303.423288,531.0026417
148,14,2835.153425,708.0100718
148,15,3440.8,916.9990051
148,16,3493.136986,891.7425077
148,17,3865.064384,1018.561656
148,18,3639.450685,923.2279305
148,19,3042.189041,813.4636895
148,20,2742.617808,782.1462631
148,21,2548.178082,744.0997109
148,22,2384.543836,797.3402279
148,23,2089.576712,1002.811044
151,0,240.2123288,98.80189049
151,1,137.2219178,80.4018717
151,2,94.11917808,60.0204884
151,3,70.85479452,42.96859172
151,4,79.12054795,26.93209955
151,5,130.269863,32.2301786
151,6,310.4123288,119.0933334
151,7,800.5082192,408.7102241
151,8,1259.571233,630.3593819
151,9,1003.480822,330.8765518
151,10,853.9356164,167.5692514
151,11,836.6013699,159.680352
151,12,871.4054795,164.7060981
151,13,907.4013699,168.2498689
151,14,924.1328767,167.5987276
151,15,1039.312329,207.177865
151,16,1073.594521,235.7542895
151,17,1144.824658,282.4263905
151,18,1096.586301,265.2678411
151,19,857.5273973,200.1585858
151,20,709.3410959,153.9918231
151,21,576.1534247,124.1862777
151,22,510.8986301,127.1580058
151,23,373.5835616,114.573183
152,0,162.0589041,62.86469965
152,1,114.9273973,61.95543724
152,2,85.12054795,51.65076606
152,3,70.93287671,39.6569949
152,4,97.12328767,23.94549435
152,5,206.5164384,64.95342114
152,6,385.9849315,149.4560271
152,7,744.0123288,393.1487516
152,8,918.7383562,442.6674151
152,9,651.6561644,221.6457792
152,10,553.0205479,144.5330056
152,11,512.8794521,130.2301613
152,12,547.2575342,147.1410472
152,13,573.3986301,147.2826524
152,14,660.7164384,192.5636599
152,15,727.4726027,256.1491655
152,16,674.0246575,223.5686604
152,17,666.0972603,229.8470897
152,18,583.2123288,189.9785422
152,19,456.8849315,133.1318145
152,20,360.0643836,94.20780793
152,21,310.6452055,79.6288812
152,22,269.6506849,72.1831226
152,23,218.4671233,66.32411697
153,0,37.45890411,14.3490328
153,1,23.81917808,12.93595766
153,2,16.40136986,9.702530225
153,3,17.84246575,6.746729489
153,4,37.55068493,11.40119026
153,5,101.2561644,41.71845501
153,6,191.9794521,85.73547453
153,7,373.8945205,203.7094978
153,8,358.8438356,178.2880108
153,9,220.0260274,75.83065844
153,10,181.1082192,50.84938963
153,11,167.3369863,41.57200937
153,12,173.2657534,42.04048679
153,13,200.4150685,48.18180069
153,14,231.0479452,60.45578282
153,15,239.0479452,67.03091155
153,16,241.3589041,68.19623874
153,17,230.2739726,62.24233808
153,18,193.3205479,46.55163647
153,19,155.1917808,35.8630827
153,20,132.1438356,29.65609691
153,21,112.6164384,27.7965024
153,22,83.96849315,20.65067333
153,23,59.87123288,17.86267905
158,0,1050.75145,359.3451164
158,1,661.8554135,349.7699626
158,2,428.238823,278.0613284
158,3,232.4244336,157.7068868
158,4,126.545945,56.71758478
158,5,117.7088949,16.2976034
158,6,267.7678493,44.87979172
158,7,593.7262004,86.90586048
158,8,1170.609858,159.1719647
158,9,1035.883733,119.4998799
158,10,923.0792535,83.13254686
158,11,1029.504195,97.19755614
158,12,1254.136876,114.4648998
158,13,1464.493495,129.7681668
158,14,1741.866857,130.8202049
158,15,2187.976798,136.6536313
158,16,2466.079137,153.4480541
158,17,2789.056717,178.6325569
158,18,2622.082759,201.4561317
158,19,2265.508592,227.0178312
158,20,2025.475227,234.0001491
158,21,1987.120394,215.5139676
158,22,1851.096436,254.9555057
158,23,1504.322647,324.5592616
161,0,974.9780822,416.334883
161,1,416.7342466,214.7189839
161,2,217.1232877,111.6130939
161,3,136.3452055,65.58261639
161,4,139.730137,48.77340228
161,5,263.9506849,102.5571019
161,6,667.3178082,320.079556
161,7,1215.609589,633.6506913
161,8,1654.378082,829.8082609
161,9,1955.09863,799.3008698
161,10,2114.671233,625.0951281
161,11,2473.208219,643.5645551
161,12,2885.389041,773.0041299
161,13,3215.982192,890.2297023
161,14,3821.353425,1146.886107
161,15,4654.076712,1518.183453
161,16,6029.132877,2330.965432
161,17,8852.908219,4560.71263
161,18,7018.809589,3412.728975
161,19,4591.531507,1853.189051
161,20,3336.710959,1322.032433
161,21,2720.616438,1054.462811
161,22,2284.454795,834.799189
161,23,1615.654795,606.510312
162,0,1154.319178,431.0206069
162,1,490.639726,246.7791209
162,2,235.9780822,133.859454
162,3,145.1342466,83.98369137
162,4,153.0383562,48.14454297
162,5,575.5232877,287.2344127
162,6,1736.817808,983.1635292
162,7,4018.339726,2581.573044
162,8,6010.916438,3956.609439
162,9,4747.187671,2400.858208
162,10,3889.271233,1183.089047
162,11,3939.79726,1026.988128
162,12,4160.772603,1045.536996
162,13,4268.153425,1121.752692
162,14,4892.315068,1408.791608
162,15,5862.730137,1883.769611
162,16,7529.180822,2953.698989
162,17,11025.4,5775.529217
162,18,8857.447945,4252.631051
162,19,5557.415068,2057.112607
162,20,3897.679452,1262.431382
162,21,3056.065753,919.2550518
162,22,2576.564384,872.1729903
162,23,1857.458904,608.4890677
163,0,890.4506849,384.0918077
163,1,423.4561644,254.703914
163,2,257.7849315,172.6874848
163,3,161.1808219,116.3664576
163,4,136.6178082,62.50594889
163,5,179.1575342,48.69471658
163,6,401.8383562,124.0586443
163,7,862.0561644,355.1961391
163,8,1403.134247,596.0863984
163,9,1608.079452,492.6367
163,10,1666.321918,344.6872727
163,11,1827.524658,356.7816054
163,12,2047.657534,388.4801845
163,13,2235.745205,430.2932369
163,14,2618.024658,544.1549061
163,15,3206.935616,756.643001
163,16,3773.038356,993.246358
163,17,4597.943836,1613.575847
163,18,4149.471233,1434.931218
163,19,3031.819178,853.944952
163,20,2338.615068,631.9543433
163,21,2169.438356,639.6147736
163,22,2207.621918,726.8729156
163,23,1571.268493,536.9985317
164,0,1017.69589,469.2228822
164,1,655.0287671,417.6953038
164,2,444.1054795,336.5884986
164,3,308.460274,251.0186308
164,4,250.1383562,161.8800934
164,5,226.3630137,57.80280561
164,6,403.7794521,123.6891513
164,7,943.7465753,441.5057166
164,8,1603.59863,843.6436273
164,9,1626.565753,627.815569
164,10,1557.108219,362.4194503
164,11,1684.987671,331.6266491
164,12,1850.034247,360.9086007
164,13,1959.421918,392.1101264
164,14,2148.742466,449.8613589
164,15,2596.973973,655.3566454
164,16,2973.613699,870.1466592
164,17,3581.680822,1288.897535
164,18,3156.750685,967.5554851
164,19,2524.931507,625.407215
164,20,2120.528767,511.7660242
164,21,1908.871233,454.0883206
164,22,1784.916438,464.593366
164,23,1495.221918,530.0661139
166,0,435.9342466,150.1602292
166,1,245.2383562,123.9750767
166,2,165.4780822,98.77713306
166,3,126.6671233,70.35079758
166,4,142.2383562,39.57709439
166,5,295.1191781,97.94654789
166,6,725.2945205,290.3040072
166,7,1529.449315,782.4100176
166,8,2201.617808,1106.518463
166,9,1728.469863,615.9018701
166,10,1547.590411,379.6949439
166,11,1675.384932,405.891349
166,12,1868.464384,467.3883948
166,13,2000.821918,514.4714507
166,14,2250.79589,626.0747255
166,15,2594.650685,800.3678098
166,16,3065.135616,1136.254033
166,17,3375.883562,1433.47853
166,18,2604.50411,960.7365462
166,19,1971.976712,690.8367033
166,20,1564.226027,579.1567633
166,21,1275.856164,459.001391
166,22,1015.49589,314.8045935
166,23,688.7808219,211.7003373
170,0,1006.271632,339.9479457
170,1,570.6660994,348.236366
170,2,349.8223264,274.5729437
170,3,223.1450741,183.3850059
170,4,174.4068529,93.07021437
170,5,225.765428,31.88292887
170,6,501.1597096,98.10154181
170,7,1037.183296,237.8785315
170,8,1637.027024,346.9070457
170,9,1777.696947,324.8501949
170,10,1806.596431,196.4962503
170,11,2016.832883,152.9937425
170,12,2263.266777,156.8956064
170,13,2502.933365,159.3484501
170,14,2887.444124,171.6891475
170,15,3548.067978,197.2045184
170,16,4451.964969,248.65841
170,17,6217.823406,436.8294892
170,18,5046.149349,369.7194016
170,19,3474.896108,301.9926891
170,20,2681.916729,283.6959166
170,21,2258.662393,284.1134847
170,22,1984.861173,290.4740561
170,23,1520.543938,338.9335112
186,0,1944.035616,954.6719192
186,1,943.4246575,638.0533585
186,2,557.4219178,395.5712406
186,3,346.709589,248.8644235
186,4,373.3260274,124.9391754
186,5,945.1150685,404.8163301
186,6,3006.768493,1582.800518
186,7,5893.40137,3540.747868
186,8,7748.752055,4703.236128
186,9,6194.852055,2889.1231
186,10,4852.915068,1281.19619
186,11,4933.871233,1138.618883
186,12,5399.872603,1247.189275
186,13,5863.913699,1382.939263
186,14,6576.047945,1559.165672
186,15,7737.994521,1949.108504
186,16,9247.017808,2615.306984
186,17,12204.77945,4612.337629
186,18,10690.23562,3534.324052
186,19,7727.087671,2003.535601
186,20,6160.257534,1590.665957
186,21,5263.491781,1441.441492
186,22,4600.927397,1495.7439
186,23,3431.29863,1413.536557
194,0,5.18630137,3.607769206
194,1,1.942465753,3.541558785
194,2,1.138356164,1.57004977
194,3,0.793150685,1.320808329
194,4,1.382191781,1.562756039
194,5,4.67260274,2.478093889
194,6,9.42739726,5.40698274
194,7,17.64931507,11.87868633
194,8,23.48630137,26.3193004
194,9,20.29178082,18.87453524
194,10,16.23972603,17.88774047
194,11,16.27808219,24.08821662
194,12,16.10684932,28.14058538
194,13,16.89178082,32.59790467
194,14,20.37671233,46.35704761
194,15,29.31780822,61.50856463
194,16,28.70958904,78.16752816
194,17,26.23424658,80.62025451
194,18,25.25890411,67.6883043
194,19,18.13972603,37.83390435
194,20,13.56849315,16.82056825
194,21,8.683561644,10.77936241
194,22,8.593150685,6.706687054
194,23,11.10547945,5.74311517
202,0,65.39863014,34.39700035
202,1,38.64383562,27.45165091
202,2,24.96986301,18.96416869
202,3,19.74246575,13.8661831
202,4,22.59863014,9.648229802
202,5,47.45753425,14.46442984
202,6,124.8917808,57.49845171
202,7,367.6479452,220.142062
202,8,544.7191781,310.4661866
202,9,409.3739726,173.8507823
202,10,313.7547945,92.83409327
202,11,302.2945205,95.96905707
202,12,299.8246575,102.9924389
202,13,305.7136986,99.23093268
202,14,328.9630137,96.67191699
202,15,365.4863014,109.763909
202,16,383.8164384,126.2350856
202,17,389.360274,133.9549617
202,18,357.8986301,128.8852304
202,19,263.339726,99.50522143
202,20,208.1671233,75.15092826
202,21,157.260274,56.86033895
202,22,139.4205479,79.22240309
202,23,106.6068493,44.90386264
209,0,538.3123288,236.915573
209,1,248.1753425,159.3645628
209,2,128.9260274,94.2782998
209,3,82.67534247,56.94176815
209,4,87.53424658,28.81299727
209,5,241.3767123,100.915884
209,6,837.8273973,435.8201707
209,7,1711.071233,981.3432749
209,8,2564.442466,1534.793062
209,9,1987.680822,909.7556167
209,10,1594.326027,461.669536
209,11,1765.823288,471.8743297
209,12,2058.561644,555.7700891
209,13,2258.390411,615.5610261
209,14,2716.953425,766.9235823
209,15,3577.40411,1196.619949
209,16,4890.446575,2075.354834
209,17,6583.419178,3485.315826
209,18,4759.589041,2214.842448
209,19,2866.665753,1033.052439
209,20,1957.338356,658.166176
209,21,1501.130137,492.1551366
209,22,1299.587671,542.9139775
209,23,921.3452055,326.729294
211,0,456.6191781,292.5740457
211,1,323.5958904,274.5302355
211,2,215.7917808,207.4712479
211,3,126.2821918,129.1586357
211,4,77.8,61.62191458
211,5,63.65753425,19.6134239
211,6,113.030137,35.85857254
211,7,209.6630137,94.61259614
211,8,442.6794521,227.2985111
211,9,503.4356164,175.8850926
211,10,553.6123288,114.2886227
211,11,655.9863014,130.0580638
211,12,780.9465753,163.6925039
211,13,869.4178082,188.9532482
211,14,1017.354795,226.1544415
211,15,1165.626027,280.4038165
211,16,1270.453425,324.4341342
211,17,1500.213699,475.4235
211,18,1447.217808,439.0240491
211,19,1213.615068,346.2119898
211,20,968.7520548,286.1819716
211,21,811.3342466,234.9923282
211,22,736.7041096,243.7258858
211,23,635.360274,293.96976
224,0,525.9987021,90.12536028
224,1,298.3079661,89.87040268
224,2,193.6123692,78.78805266
224,3,128.075208,62.19626537
224,4,97.8697992,34.6934397
224,5,115.1376046,13.57294202
224,6,299.7065111,23.18018065
224,7,782.6791245,62.32777026
224,8,1433.246593,121.1127926
224,9,1091.366801,69.21925643
224,10,884.6710663,37.6094148
224,11,927.0843841,46.44599413
224,12,1040.171068,51.92619149
224,13,1164.887864,57.52918192
224,14,1377.887686,64.10194172
224,15,1693.119016,69.39990713
224,16,1923.985421,80.32461274
224,17,2133.688565,111.346004
224,18,1912.380701,99.24477137
224,19,1582.372913,88.97235747
224,20,1308.848908,81.57239113
224,21,1173.790968,76.94037324
224,22,1135.830981,87.68814463
224,23,844.272446,93.74308592
229,0,749.3109589,318.4704753
229,1,384.2780822,250.8486133
229,2,237.6123288,184.0068187
229,3,160.4958904,128.5363873
229,4,135.9479452,70.97160334
229,5,170.6369863,35.48296605
229,6,379.8410959,130.0234629
229,7,856.6561644,399.2172841
229,8,1488.268493,741.0803919
229,9,1473.989041,522.582463
229,10,1463.242466,345.8638736
229,11,1600.582192,336.756765
229,12,1794.031507,389.318518
229,13,1957.186301,462.2917366
229,14,2414.284932,723.1884503
229,15,2922.242466,1011.759814
229,16,3707.139726,1568.25336
229,17,5298.764384,2875.632758
229,18,4380.965753,2185.480965
229,19,2875.243836,1089.309683
229,20,2029.212329,655.7923051
229,21,1689.243836,501.8224627
229,22,1480.20137,442.2549547
229,23,1146.623288,398.7443175
230,0,3894.352055,1483.187167
230,1,1744.961644,916.3598685
230,2,954.3136986,556.2389342
230,3,633.6328767,348.1299081
230,4,616.669863,211.9181761
230,5,1869.891781,917.9859884
230,6,4619.678082,2491.417602
230,7,7080.508219,3859.187449
230,8,9261.738356,4843.407863
230,9,8348.608219,3227.762349
230,10,7157.619178,1900.576456
230,11,7088.027397,1808.661321
230,12,7443.836986,1843.950335
230,13,8171.890411,2049.384893
230,14,9729.154795,2564.665909
230,15,11790.52055,3410.327943
230,16,15685.9274,5084.095073
230,17,21871.23699,9622.637878
230,18,17973.1274,7230.215365
230,19,12121.97945,3689.274791
230,20,9435.839726,2746.958748
230,21,9990.249315,3330.211868
230,22,9976.193151,3518.082912
230,23,6475.813699,2420.657846
231,0,1050.510959,553.8540666
231,1,605.3356164,433.5152179
231,2,383.0054795,316.6390414
231,3,252.9534247,204.9511582
231,4,209.9835616,102.6483991
231,5,350.2027397,113.7357416
231,6,867.1123288,400.331863
231,7,1886.430137,1056.96935
231,8,2885.20411,1690.570341
231,9,2569.80274,1143.556447
231,10,2378.879452,685.4394697
231,11,2740.335616,684.1574903
231,12,3245.754795,817.942161
231,13,3617.49726,924.5622391
231,14,4317.052055,1251.446471
231,15,5829.167123,2088.131873
231,16,7303.882192,3049.817262
231,17,9493.220548,4943.050984
231,18,7312.756164,3418.520637
231,19,4736.320548,1722.42889
231,20,3342.853425,1081.176998
231,21,2571.438356,787.7092099
231,22,2229.873973,698.9807477
231,23,1713.834247,658.878574
232,0,369.3260274,190.8152404
232,1,247.9219178,183.9369731
232,2,174.8205479,148.0286346
232,3,129.7342466,111.8714261
232,4,117.4493151,67.14391546
232,5,146.3219178,27.99371253
232,6,280.2013699,90.56897877
232,7,587.6589041,271.5957015
232,8,812.669863,376.7109218
232,9,693.6123288,223.8331588
232,10,641.1178082,140.0933349
232,11,631.3739726,133.6907704
232,12,701.0726027,157.9800093
232,13,738.7780822,168.2753314
232,14,894.5876712,212.1734767
232,15,973.0465753,220.6580146
232,16,1109.013699,280.6087295
232,17,1150.747945,297.1566066
232,18,1036.760274,240.5363493
232,19,851.6136986,207.263889
232,20,749.5246575,200.2087253
232,21,684.2041096,190.214573
232,22,603.9260274,193.6184006
232,23,511.2287671,197.1336675
233,0,905.2022739,185.2728495
233,1,414.9127868,186.9305108
233,2,240.7031334,157.7032287
233,3,157.5144909,113.8454631
233,4,138.2164582,59.67263959
233,5,352.2643105,31.34781275
233,6,1025.805682,89.56221372
233,7,2321.159739,211.3003509
233,8,3644.592566,360.6450108
233,9,2953.416862,253.0974001
233,10,2533.134626,122.9866369
233,11,2600.245198,92.18024303
233,12,2819.245186,104.616211
233,13,2973.894423,115.0780521
233,14,3521.419434,136.7874751
233,15,4307.173889,176.4699428
233,16,5589.076496,296.8855906
233,17,8186.747182,604.6521767
233,18,6535.776263,462.5594663
233,19,4042.238041,256.2974487
233,20,2746.956648,178.6321877
233,21,2150.299839,153.8337209
233,22,1851.069243,165.2607904
233,23,1399.496638,187.7234631
234,0,1823.394521,920.6606848
234,1,933.9849315,689.8561477
234,2,543.7972603,472.9598567
234,3,337.6452055,311.8771414
234,4,252.909589,167.7982329
234,5,328.7534247,77.68931139
234,6,896.6945205,390.1373169
234,7,2422.593151,1370.905715
234,8,4446.287671,2756.423926
234,9,3923.912329,1877.840708
234,10,3589.864384,1045.278676
234,11,4217.164384,1058.180211
234,12,5153.973973,1276.745422
234,13,5757.641096,1419.963444
234,14,7230.830137,1988.385398
234,15,8977.532877,2804.329879
234,16,9994.557534,3302.89122
234,17,11566.83014,4550.13896
234,18,10268.27808,3834.525201
234,19,7870.531507,2584.184273
234,20,6322.227397,2032.538124
234,21,5165.786301,1622.735949
234,22,4285.257534,1318.155261
234,23,3159.043836,1163.027844
236,0,527.1712329,235.8441267
236,1,257.3424658,158.1339068
236,2,145.1534247,98.6620287
236,3,95.07123288,64.40015822
236,4,106.8136986,30.62147016
236,5,246.1986301,80.7355095
236,6,811.8616438,360.7773292
236,7,2272.560274,1273.87459
236,8,3566.261644,2077.559226
236,9,2733,1125.593093
236,10,2467.931507,611.2618721
236,11,2664.727397,555.6990737
236,12,2995.769863,585.6444135
236,13,3177.920548,652.2487001
236,14,3718.846575,869.9157133
236,15,4972.957534,1577.059711
236,16,5455.415068,1845.221805
236,17,5405.905479,1828.74553
236,18,4424.332877,1415.686822
236,19,3179.923288,924.2181256
236,20,2349.438356,657.7131242
236,21,1881.963014,537.6061276
236,22,1540.735616,455.1513895
236,23,1054.815068,356.2135656
237,0,892.409589,355.3711531
237,1,364.7917808,213.682438
237,2,182.1575342,116.4269547
237,3,113.0986301,65.84479922
237,4,131.790411,37.06089848
237,5,288.8493151,94.88729452
237,6,871.8465753,357.3740319
237,7,2364.116438,1211.605891
237,8,3909.872603,2150.395407
237,9,3458.456164,1470.303066
237,10,3351.282192,990.7719662
237,11,3951.49589,1041.488489
237,12,4645.410959,1197.78864
237,13,4963.312329,1271.108674
237,14,6207.778082,1954.192996
237,15,8136.839726,2927.080764
237,16,9364.079452,3706.606982
237,17,10334.58082,4588.239396
237,18,8307.682192,3377.19555
237,19,5635.365753,1933.497136
237,20,4215.252055,1467.397057
237,21,3041.117808,1002.942324
237,22,2545.272603,776.5023676
237,23,1810.628767,590.0562113
238,0,582.3054795,239.6863831
238,1,283.4232877,169.771234
238,2,167.0054795,110.4378241
238,3,115.1506849,69.08428506
238,4,133.5767123,36.27550811
238,5,282.6027397,88.02145264
238,6,798.9356164,343.6051103
238,7,2218.338356,1266.544654
238,8,3907.749315,2283.637776
238,9,2812.360274,1135.643449
238,10,2304.632877,525.0747567
238,11,2329.276712,469.0086707
238,12,2533.952055,525.1533754
238,13,2611.265753,546.6383116
238,14,2967.112329,664.0113465
238,15,3775.549315,1166.67352
238,16,3974.30274,1239.615729
238,17,4075.827397,1292.680412
238,18,3622.409589,1074.399449
238,19,2618.157534,670.8275532
238,20,1967.50411,457.4557247
238,21,1662.29589,381.4806582
238,22,1445.245205,386.2991284
238,23,1006.567123,312.132941
239,0,459.090411,248.2366233
239,1,257.9369863,189.0620524
239,2,149.2657534,123.3087755
239,3,93.43150685,77.28625177
239,4,82.48630137,38.52856641
239,5,129.2356164,31.89982335
239,6,296.3465753,100.3816948
239,7,709.9684932,333.634379
239,8,1246.921918,588.9788011
239,9,1177.49863,318.0675759
239,10,1185.910959,195.1531326
239,11,1229.09589,217.462367
239,12,1346.247945,254.5584631
239,13,1396.460274,271.4962286
239,14,1511.657534,251.8949919
239,15,1741.834247,299.4142955
239,16,1863.80411,341.1534839
239,17,1955.089041,381.9534427
239,18,1918.058904,417.533417
239,19,1573.594521,362.521417
239,20,1227.936986,266.2279496
239,21,1173.158904,269.3429071
239,22,1071.628767,314.7794629
239,23,753.5917808,313.2433115
243,0,382.7931507,140.1532366
243,1,268.3780822,135.1234341
243,2,193.969863,108.8949692
243,3,169.1273973,82.23537726
243,4,273.8739726,53.6542864
243,5,733.7109589,290.5839445
243,6,1436.486301,657.8553157
243,7,2964.645205,1692.206806
243,8,3125.365753,1598.384346
243,9,2012.367123,699.319157
243,10,1583.347945,383.9263933
243,11,1511.910959,334.3351555
243,12,1561.368493,344.5848178
243,13,1663.354795,357.2563663
243,14,1846.612329,445.2145478
243,15,1955.441096,519.1694934
243,16,1856.206849,506.7610858
243,17,1790.667123,509.6627763
243,18,1467.7,380.6697104
243,19,1087.361644,247.1843265
243,20,875.7506849,191.8619925
243,21,726.6958904,161.6746572
243,22,629.9520548,143.1194371
243,23,537.660274,141.4738593
244,0,511.6178082,160.004734
244,1,334.7109589,152.1365444
244,2,248.8315068,126.230961
244,3,214.760274,94.74365854
244,4,330.6575342,60.92053768
244,5,775.2383562,256.1789137
244,6,1537.280822,590.9287306
244,7,2754.006849,1281.638611
244,8,2931.631507,1321.243958
244,9,2112.358904,669.0743908
244,10,1789.031507,407.5864157
244,11,1742.917808,362.6824144
244,12,1762.424658,368.0983317
244,13,1866.024658,386.5717096
244,14,2155.227397,506.6502004
244,15,2442.242466,686.2429354
244,16,2755.827397,975.2560441
244,17,2814.767123,1095.666798
244,18,2040.99863,603.5165775
244,19,1606.778082,377.545873
244,20,1170.687671,239.7862182
244,21,893.3205479,196.0465112
244,22,819.8917808,184.4674701
244,23,721.2547945,186.0778213
246,0,650.0808219,312.6372406
246,1,407.9178082,267.7354177
246,2,305.1753425,229.7665528
246,3,248.8136986,199.8147931
246,4,176.2438356,109.3012261
246,5,166.4712329,35.93046737
246,6,358.8493151,116.5604303
246,7,716.8726027,333.532667
246,8,1133.508219,574.4816002
246,9,1144.941096,463.2348098
246,10,1058.542466,296.1617083
246,11,1198.963014,305.7133644
246,12,1345.775342,354.6404024
246,13,1496.115068,389.9315904
246,14,1792.636986,446.758167
246,15,2295.389041,600.0865113
246,16,2471.320548,733.3028117
246,17,3195.113699,1219.529561
246,18,2907.330137,992.7028031
246,19,2186.756164,687.0045281
246,20,1778.264384,532.4416465
246,21,1492.934247,428.6590039
246,22,1312.410959,358.7674043
246,23,992.7506849,348.5740315
249,0,1878.891781,1095.453325
249,1,1229.369863,952.4191595
249,2,794.4082192,702.8646483
249,3,463.8260274,431.3871569
249,4,262.9136986,187.2441448
249,5,211.7054795,50.89478749
249,6,425.7205479,162.3713883
249,7,886.5041096,468.0520976
249,8,1716.472603,1041.767631
249,9,1453.426027,635.1572961
249,10,1242.986301,279.58787
249,11,1399.29589,328.460791
249,12,1753.631507,447.7538974
249,13,2050.280822,540.9728921
249,14,2363.553425,573.808797
249,15,2942.158904,706.7638663
249,16,3305.464384,806.650042
249,17,3600.079452,924.1506399
249,18,3672.30274,955.7145677
249,19,3478.491781,946.446484
249,20,3332.763014,920.8212429
249,21,3408.791781,921.8891488
249,22,3178.812329,980.9373903
249,23,2635.510959,1124.491039
261,0,448.5246575,183.1889819
261,1,226.2232877,134.7873731
261,2,138.3493151,102.1786402
261,3,94.74109589,69.13155256
261,4,100.8876712,35.96501861
261,5,258.7986301,103.0100705
261,6,743.4219178,384.1523011
261,7,1501.3,847.9018689
261,8,2351.769863,1402.045901
261,9,1905.868493,850.3995973
261,10,1592.006849,436.0774477
261,11,1767.576712,448.9243877
261,12,2020.109589,520.5675931
261,13,2201.393151,577.6590502
261,14,2577.450685,727.8720142
261,15,3438.405479,1148.603631
261,16,4295.023288,1700.396571
261,17,5268.59589,2569.649604
261,18,3514.012329,1485.963142
261,19,2054.335616,681.4810435
261,20,1357.620548,428.8561266
261,21,1009.20411,308.3246881
261,22,841.2136986,244.8937472
261,23,671.5219178,212.2228885
262,0,294.7462195,116.6929412
262,1,169.2477566,105.144839
262,2,105.8641983,78.75135867
262,3,72.97865084,55.63406045
262,4,75.86178848,28.754049
262,5,141.9694404,19.0839801
262,6,422.2971596,58.32176309
262,7,1141.781834,163.1888421
262,8,2210.712712,243.8258039
262,9,1488.848961,130.0234701
262,10,1096.066424,81.93724311
262,11,1088.898925,86.15230169
262,12,1124.413585,84.63143193
262,13,1142.702337,84.39429681
262,14,1193.019433,82.12594422
262,15,1479.012042,113.9722531
262,16,1598.338755,114.0198284
262,17,1815.045907,139.5211701
262,18,1758.15421,143.0391709
262,19,1292.88631,128.9174396
262,20,948.2007964,106.5738535
262,21,824.649337,100.4707074
262,22,724.3294504,109.146301
262,23,497.1084953,121.8696737
263,0,530.1246575,302.3862338
263,1,348.0972603,272.1690502
263,2,227.3178082,197.4620808
263,3,150.9082192,132.5606875
263,4,129.2575342,64.5780393
263,5,184.6712329,40.62544453
263,6,479.6630137,182.4193495
263,7,1159.017808,616.4423736
263,8,2188.183562,1325.006746
263,9,1550.378082,601.9052576
263,10,1182.7,217.7344165
263,11,1185.556164,263.2887919
263,12,1233.036986,304.7985505
263,13,1265.741096,308.7675223
263,14,1312.793151,253.1409324
263,15,1575.79726,304.2715964
263,16,1694,361.2291203
263,17,1933.261644,475.2039906
263,18,1952.658904,493.4660761
263,19,1546.557534,407.935392
263,20,1216.026027,289.2158466
263,21,1108.127397,260.9257686
263,22,1027.334247,285.785862
263,23,776.6821918,317.922492
